Turn, Player, Primary, LowHappiness, LowGold, GoldCritical, ExpansionTargetAvailable, ExpansionRoomAvailable, CanConsiderExpansion, EarlyExpansionPhase, RecentExpansion, StrongExpansionWindow, BoxedIn, NearbyThreat, MilitaryProductionUrgent, MilitaryThreatSeverity, CoastalOpportunity, CityFocusLocked, ForceAvoidGrowth, CityFocus, Cities, Puppets, Population, ExcessHappiness, Gold, GPTx100, Science, MilitaryPctWorld, MilitaryPctRelevant, AtWarCount, HostileMajors, WarApproachMajors, RelevantMajors, LandDisputeMajors, StrongLandDisputeMajors, MajorMilitaryThreatCivs, IsCramped, TurnsSinceSettledLastCity, BestSettleAreaCount, UniqueLuxurySettleSiteCount, SettlersOnMap, EconomicEnoughExpansion, HasCoastalCity, BarbarianThreat, GeneralThreat, BarbarianThreatTotal, HighestThreat, MostThreatenedCityThreat, ActiveGrandStrategy
000, Sweden, EXPANSION, 0, 0, 0, 1, 1, 1, 1, 0, 1, 0, 0, 0, 0, 0, 0, 0, PROD_GROWTH, 0, 0, 0, 15, 0, 0, 0, 100, 100, 0, 0, 0, 0, 0, 0, 0, 0, -1, 1, 21, 1, 1, 0, 0, 0, 0, 0, 0
001, Sweden, EXPANSION, 0, 0, 0, 1, 1, 1, 1, 1, 1, 0, 0, 0, 0, 0, 0, 0, PROD_GROWTH, 1, 0, 1, 12, 0, 300, 4, 100, 100, 0, 0, 0, 0, 0, 0, 0, 0, 1, 1, 1, 0, 0, 0, 0, 0, 0, 0, 0
002, Sweden, EXPANSION, 0, 0, 0, 1, 1, 1, 1, 1, 1, 0, 0, 0, 0, 0, 0, 0, PROD_GROWTH, 1, 0, 1, 12, 3, 300, 4, 100, 100, 0, 0, 0, 0, 0, 0, 0, 0, 2, 1, 1, 0, 0, 0, 0, 0, 0, 0, 0
003, Sweden, EXPANSION, 0, 0, 0, 1, 1, 1, 1, 1, 1, 0, 0, 0, 0, 0, 0, 0, PROD_GROWTH, 1, 0, 1, 12, 6, 300, 4, 100, 100, 0, 0, 0, 0, 0, 0, 0, 0, 3, 1, 6, 0, 0, 0, 0, 0, 0, 0, 0
004, Sweden, EXPANSION, 0, 0, 0, 1, 1, 1, 1, 1, 1, 0, 0, 0, 0, 0, 0, 0, PROD_GROWTH, 1, 0, 1, 12, 9, 300, 4, 100, 100, 0, 0, 0, 0, 0, 0, 0, 0, 4, 1, 15, 0, 0, 0, 0, 0, 0, 0, 0
005, Sweden, EXPANSION, 0, 0, 0, 1, 1, 1, 1, 1, 1, 0, 0, 0, 0, 0, 0, 0, PROD_GROWTH, 1, 0, 1, 12, 12, 300, 4, 100, 100, 0, 0, 0, 0, 0, 0, 0, 0, 5, 1, 16, 0, 0, 0, 0, 0, 0, 0, 0
006, Sweden, EXPANSION, 0, 0, 0, 1, 1, 1, 1, 1, 1, 0, 0, 0, 0, 0, 0, 0, PROD_GROWTH, 1, 0, 2, 11, 17, 500, 5, 100, 100, 0, 0, 0, 0, 0, 0, 0, 0, 6, 1, 23, 0, 0, 0, 0, 0, 15, 0, 0
007, Sweden, EXPANSION, 0, 0, 0, 1, 1, 1, 1, 1, 1, 0, 0, 0, 0, 0, 0, 0, PROD_GROWTH, 1, 0, 2, 11, 22, 500, 5, 100, 100, 0, 0, 0, 0, 0, 0, 0, 0, 7, 1, 29, 0, 0, 0, 0, 0, 31, 0, 0
008, Sweden, EXPANSION, 0, 0, 0, 1, 1, 1, 1, 1, 1, 0, 0, 0, 1, 0, 0, 0, PROD_GROWTH, 1, 0, 2, 11, 27, 400, 5, 100, 100, 0, 0, 0, 0, 0, 0, 0, 0, 8, 1, 32, 0, 0, 0, 0, 1, 30, 0, 8010
009, Sweden, EXPANSION, 0, 0, 0, 1, 1, 1, 1, 1, 1, 0, 0, 0, 1, 0, 0, 0, PROD_GROWTH, 1, 0, 2, 11, 31, 400, 5, 100, 100, 0, 0, 0, 0, 0, 0, 0, 0, 9, 1, 38, 1, 1, 0, 0, 1, 30, 0, 8010
010, Sweden, EXPANSION, 0, 0, 0, 1, 1, 1, 1, 1, 1, 0, 0, 0, 1, 0, 0, 0, PROD_GROWTH, 1, 0, 2, 11, 35, 400, 5, 100, 100, 0, 0, 0, 0, 0, 0, 0, 0, 10, 1, 37, 1, 1, 0, 0, 1, 33, 0, 8010
011, Sweden, EXPANSION, 0, 0, 0, 1, 1, 1, 1, 1, 1, 0, 0, 0, 0, 0, 0, 0, PROD_GROWTH, 1, 0, 3, 10, 39, 400, 6, 100, 100, 0, 0, 0, 0, 0, 0, 0, 0, 11, 1, 38, 1, 1, 0, 0, 0, 33, 0, 0
012, Sweden, EXPANSION, 0, 0, 0, 1, 1, 1, 1, 1, 1, 0, 0, 0, 0, 0, 0, 0, PROD_GROWTH, 1, 0, 3, 10, 58, 400, 6, 100, 100, 0, 0, 0, 0, 0, 0, 0, 0, 12, 1, 38, 1, 1, 0, 0, 0, 33, 0, 0
013, Sweden, EXPANSION, 0, 0, 0, 1, 1, 1, 1, 1, 1, 0, 0, 0, 0, 0, 0, 0, PROD_GROWTH, 1, 0, 3, 10, 92, 400, 6, 144, 100, 0, 0, 0, 0, 0, 0, 0, 0, 13, 1, 40, 1, 1, 0, 0, 0, 33, 0, 0
014, Sweden, EXPANSION, 0, 0, 0, 1, 1, 1, 1, 1, 1, 0, 0, 0, 1, 0, 0, 0, PROD_GROWTH, 1, 0, 3, 10, 96, 400, 6, 144, 100, 0, 0, 0, 0, 0, 0, 0, 0, 14, 1, 43, 1, 1, 0, 0, 1, 33, 0, 243
015, Sweden, EXPANSION, 0, 0, 0, 1, 1, 1, 1, 1, 1, 0, 0, 0, 1, 0, 0, 0, PROD_GROWTH, 1, 0, 3, 10, 100, 400, 6, 141, 100, 0, 0, 0, 0, 0, 0, 0, 0, 15, 1, 43, 1, 1, 0, 0, 1, 34, 0, 243
016, Sweden, EXPANSION, 0, 0, 0, 1, 1, 1, 1, 1, 1, 0, 0, 0, 1, 0, 0, 0, PROD_GROWTH, 1, 0, 3, 10, 104, 400, 6, 135, 100, 0, 0, 0, 0, 0, 0, 0, 0, 16, 1, 42, 1, 1, 0, 0, 1, 34, 0, 2403
017, Sweden, EXPANSION, 0, 0, 0, 1, 1, 1, 1, 1, 1, 0, 0, 0, 1, 0, 0, 0, PROD_GROWTH, 1, 0, 3, 10, 108, 400, 6, 135, 100, 0, 0, 0, 0, 0, 0, 0, 0, 17, 1, 42, 1, 1, 0, 0, 1, 34, 0, 1402
018, Sweden, EXPANSION, 0, 0, 0, 1, 1, 1, 1, 1, 1, 0, 0, 0, 1, 0, 0, 0, PROD_GROWTH, 1, 0, 3, 10, 126, 200, 6, 129, 100, 0, 0, 0, 0, 0, 0, 0, 0, 18, 1, 42, 1, 1, 0, 0, 1, 33, 0, 350
019, Sweden, EXPANSION, 0, 0, 0, 1, 1, 1, 1, 1, 1, 0, 0, 0, 0, 0, 0, 0, PROD_GROWTH, 1, 0, 3, 10, 128, 200, 6, 128, 100, 0, 0, 0, 0, 0, 0, 0, 0, 19, 1, 42, 1, 1, 0, 0, 0, 33, 0, 0
020, Sweden, EXPANSION, 0, 0, 0, 1, 1, 1, 1, 1, 1, 0, 0, 0, 2, 0, 0, 0, PROD_GROWTH, 1, 0, 3, 10, 130, 200, 6, 134, 100, 0, 0, 0, 0, 0, 0, 0, 0, 20, 1, 42, 1, 1, 0, 1, 0, 34, 0, 0
021, Sweden, EXPANSION, 0, 0, 0, 1, 1, 1, 1, 1, 1, 0, 0, 0, 2, 0, 0, 0, PROD_GROWTH, 1, 0, 3, 10, 132, 100, 6, 139, 100, 0, 0, 0, 0, 0, 0, 0, 0, 21, 1, 42, 1, 1, 0, 1, 1, 34, 0, 25464
022, Sweden, EXPANSION, 0, 0, 0, 1, 1, 1, 1, 1, 1, 0, 0, 0, 2, 0, 0, 0, PROD_GROWTH, 1, 0, 3, 10, 133, 100, 6, 153, 100, 0, 0, 0, 0, 0, 0, 0, 0, 22, 1, 44, 1, 1, 0, 1, 1, 34, 0, 22785
023, Sweden, EXPANSION, 0, 0, 0, 1, 1, 1, 1, 1, 1, 0, 0, 0, 2, 0, 0, 0, PROD_GROWTH, 1, 0, 3, 11, 134, 100, 6, 147, 100, 0, 0, 0, 0, 0, 0, 0, 0, 23, 1, 48, 1, 1, 0, 1, 1, 50, 0, 16086
024, Sweden, EXPANSION, 0, 0, 0, 1, 1, 1, 1, 1, 1, 0, 0, 0, 2, 1, 0, 0, PROD_GROWTH, 2, 0, 4, 7, 135, 100, 7, 154, 100, 0, 0, 0, 0, 0, 0, 0, 0, 1, 1, 35, 0, 0, 1, 1, 1, 47, 0, 20491
025, Sweden, EXPANSION, 0, 0, 0, 1, 1, 1, 1, 1, 1, 0, 0, 0, 2, 1, 0, 0, PROD_GROWTH, 2, 0, 4, 7, 136, 100, 7, 151, 100, 0, 0, 0, 0, 0, 0, 0, 0, 2, 1, 35, 0, 0, 1, 1, 1, 47, 0, 18491
026, Sweden, EXPANSION, 0, 0, 0, 1, 1, 1, 1, 1, 1, 0, 0, 0, 1, 1, 0, 0, PROD_GROWTH, 2, 0, 4, 7, 141, 500, 7, 147, 100, 0, 0, 0, 0, 0, 0, 0, 0, 3, 2, 50, 0, 0, 1, 0, 1, 46, 0, 35146
027, Sweden, EXPANSION, 0, 0, 0, 1, 1, 1, 1, 1, 1, 0, 0, 0, 1, 1, 0, 0, PROD_GROWTH, 2, 0, 4, 7, 146, 500, 7, 145, 100, 0, 0, 0, 0, 0, 0, 0, 0, 4, 2, 51, 0, 0, 1, 0, 1, 45, 0, 18231
028, Sweden, EXPANSION, 0, 0, 0, 1, 1, 1, 1, 1, 1, 0, 0, 0, 1, 1, 0, 0, PROD_GROWTH, 2, 0, 4, 7, 149, 300, 7, 151, 100, 0, 0, 0, 0, 0, 0, 0, 0, 5, 2, 51, 0, 0, 1, 0, 1, 45, 0, 768
029, Sweden, EXPANSION, 0, 0, 0, 1, 1, 1, 1, 1, 1, 0, 0, 0, 1, 1, 0, 0, PROD_GROWTH, 2, 0, 6, 6, 156, 700, 9, 162, 100, 0, 0, 0, 0, 0, 0, 0, 0, 6, 2, 51, 1, 1, 1, 0, 1, 46, 0, 11661
030, Sweden, EXPANSION, 0, 0, 0, 1, 1, 1, 1, 1, 1, 0, 0, 0, 1, 1, 0, 0, PROD_GROWTH, 2, 0, 6, 6, 163, 700, 9, 164, 100, 0, 0, 0, 0, 0, 0, 0, 0, 7, 2, 51, 1, 1, 1, 0, 1, 45, 0, 14748
031, Sweden, EXPANSION, 0, 0, 0, 1, 1, 1, 1, 1, 1, 0, 0, 0, 1, 1, 0, 0, PROD_GROWTH, 2, 0, 6, 6, 168, 400, 9, 159, 100, 0, 0, 0, 0, 0, 0, 0, 0, 8, 1, 15, 1, 1, 1, 0, 1, 45, 0, 11915
032, Sweden, EXPANSION, 0, 0, 0, 1, 1, 1, 1, 1, 1, 0, 0, 0, 0, 1, 0, 0, PROD_GROWTH, 2, 0, 6, 6, 174, 600, 9, 158, 100, 0, 0, 0, 0, 0, 0, 0, 0, 9, 1, 15, 1, 1, 1, 0, 0, 45, 0, 0
033, Sweden, EXPANSION, 0, 0, 0, 1, 1, 1, 1, 1, 1, 0, 0, 0, 1, 1, 0, 0, PROD_GROWTH, 2, 0, 6, 6, 180, 700, 9, 158, 100, 0, 0, 0, 0, 0, 0, 0, 0, 10, 1, 15, 1, 1, 1, 0, 1, 45, 0, 400
034, Sweden, EXPANSION, 0, 0, 0, 1, 1, 1, 1, 1, 1, 0, 0, 0, 1, 1, 0, 0, PROD_GROWTH, 2, 0, 6, 6, 187, 600, 9, 158, 100, 0, 0, 0, 0, 0, 0, 0, 0, 11, 1, 15, 1, 1, 1, 0, 1, 45, 0, 400
035, Sweden, EXPANSION, 0, 0, 0, 1, 1, 1, 1, 1, 1, 0, 0, 0, 1, 1, 0, 0, PROD_GROWTH, 2, 0, 6, 6, 193, 700, 9, 158, 100, 0, 0, 0, 0, 0, 0, 0, 0, 12, 1, 15, 1, 1, 1, 0, 1, 45, 0, 400
036, Sweden, EXPANSION, 0, 0, 0, 1, 1, 1, 1, 1, 1, 0, 0, 0, 0, 1, 0, 0, PROD_GROWTH, 2, 0, 6, 11, 202, 1200, 9, 158, 100, 0, 0, 0, 0, 0, 0, 0, 0, 13, 1, 11, 1, 1, 1, 0, 0, 45, 0, 0
037, Sweden, EXPANSION, 0, 0, 0, 1, 1, 1, 1, 1, 1, 0, 0, 0, 1, 1, 0, 0, PROD_GROWTH, 2, 0, 6, 11, 211, 900, 9, 157, 100, 0, 0, 0, 0, 0, 0, 0, 0, 14, 1, 11, 1, 1, 1, 0, 1, 45, 0, 400
038, Sweden, EXPANSION, 0, 0, 0, 1, 1, 1, 1, 1, 1, 0, 0, 0, 0, 1, 0, 0, PROD_GROWTH, 2, 0, 6, 11, 220, 800, 9, 157, 100, 0, 0, 0, 0, 0, 0, 0, 0, 15, 1, 11, 1, 1, 1, 0, 0, 45, 0, 0
039, Sweden, EXPANSION, 0, 0, 0, 1, 1, 1, 1, 1, 1, 0, 0, 0, 1, 1, 0, 0, PROD_GROWTH, 2, 0, 6, 11, 228, 900, 9, 157, 100, 0, 0, 0, 0, 0, 0, 0, 0, 16, 1, 11, 1, 1, 1, 0, 1, 45, 0, 400
040, Sweden, EXPANSION, 0, 0, 0, 1, 1, 1, 1, 1, 1, 0, 0, 0, 0, 1, 0, 0, PROD_GROWTH, 2, 0, 6, 11, 236, 700, 9, 157, 100, 0, 0, 0, 0, 0, 0, 0, 0, 17, 1, 11, 1, 1, 1, 0, 0, 45, 0, 0
041, Sweden, EXPANSION, 0, 0, 0, 1, 1, 1, 1, 1, 1, 0, 0, 0, 1, 1, 0, 0, PROD_GROWTH, 2, 0, 6, 11, 243, 800, 9, 156, 100, 0, 0, 0, 0, 0, 0, 0, 0, 18, 1, 11, 1, 1, 1, 0, 1, 45, 0, 400
042, Sweden, EXPANSION, 0, 0, 0, 1, 1, 1, 1, 1, 1, 0, 0, 0, 0, 1, 0, 0, PROD_GROWTH, 3, 0, 7, 8, 251, 1000, 10, 156, 100, 0, 0, 0, 0, 0, 0, 0, 0, 1, 1, 13, 0, 0, 1, 0, 0, 45, 0, 0
043, Sweden, EXPANSION, 0, 0, 0, 1, 1, 1, 1, 1, 1, 0, 0, 0, 1, 1, 0, 0, PROD_GROWTH, 3, 0, 7, 12, 261, 1200, 10, 156, 100, 0, 0, 0, 0, 0, 0, 0, 0, 2, 1, 6, 0, 0, 1, 0, 1, 45, 0, 5955
044, Sweden, EXPANSION, 0, 0, 0, 1, 1, 1, 1, 1, 1, 0, 0, 0, 0, 1, 0, 0, PROD_GROWTH, 3, 0, 7, 12, 269, 900, 10, 156, 100, 0, 0, 0, 0, 0, 0, 0, 0, 3, 1, 6, 0, 0, 1, 0, 0, 45, 0, 0
045, Sweden, EXPANSION, 0, 0, 0, 1, 1, 1, 1, 1, 1, 0, 0, 0, 1, 1, 0, 0, PROD_GROWTH, 3, 0, 9, 11, 281, 1200, 12, 128, 100, 0, 0, 0, 0, 0, 0, 0, 0, 4, 1, 6, 0, 0, 1, 0, 1, 45, 0, 5955
046, Sweden, EXPANSION, 0, 0, 0, 1, 1, 1, 1, 1, 1, 0, 0, 0, 1, 1, 0, 0, PROD_GROWTH, 3, 0, 9, 11, 293, 1200, 12, 128, 100, 0, 0, 0, 0, 0, 0, 0, 0, 5, 1, 6, 0, 0, 1, 0, 1, 45, 0, 701
047, Sweden, EXPANSION, 0, 0, 0, 1, 1, 1, 1, 1, 1, 0, 0, 0, 1, 1, 0, 0, PROD_GROWTH, 3, 0, 10, 10, 303, 1000, 13, 128, 100, 0, 0, 0, 0, 0, 0, 0, 0, 6, 1, 6, 1, 1, 1, 0, 1, 46, 0, 5955
048, Sweden, EXPANSION, 0, 0, 0, 1, 1, 1, 1, 1, 1, 0, 0, 0, 1, 1, 0, 0, PROD_GROWTH, 3, 0, 10, 10, 313, 1000, 13, 128, 100, 0, 0, 0, 0, 0, 0, 0, 0, 7, 1, 6, 1, 1, 1, 0, 1, 45, 0, 2804
049, Sweden, EXPANSION, 0, 0, 0, 1, 1, 1, 1, 1, 1, 0, 0, 0, 1, 1, 0, 0, PROD_GROWTH, 3, 0, 10, 10, 323, 1000, 13, 128, 100, 0, 0, 0, 0, 0, 0, 0, 0, 8, 1, 6, 1, 1, 1, 0, 1, 45, 0, 5915
050, Sweden, EXPANSION, 0, 0, 0, 1, 1, 1, 1, 1, 1, 0, 0, 0, 1, 1, 0, 0, PROD_GROWTH, 3, 0, 10, 10, 333, 1000, 13, 128, 100, 0, 0, 0, 0, 0, 0, 0, 0, 9, 1, 6, 1, 1, 1, 0, 1, 45, 0, 701
051, Sweden, EXPANSION, 0, 0, 0, 1, 1, 1, 1, 1, 1, 0, 0, 0, 1, 1, 0, 0, PROD_GROWTH, 3, 0, 10, 10, 342, 900, 13, 128, 100, 0, 0, 0, 0, 0, 0, 0, 0, 10, 1, 6, 1, 1, 1, 0, 1, 45, 0, 5915
052, Sweden, EXPANSION, 0, 0, 0, 1, 1, 1, 1, 1, 1, 0, 0, 0, 2, 1, 0, 0, PROD_GROWTH, 3, 0, 11, 13, 347, 400, 14, 128, 100, 0, 0, 0, 0, 0, 0, 0, 0, 11, 1, 4, 1, 1, 1, 1, 0, 46, 0, 0
053, Sweden, EXPANSION, 0, 0, 0, 1, 1, 1, 1, 1, 1, 0, 0, 0, 1, 1, 0, 0, PROD_GROWTH, 3, 0, 11, 13, 354, 700, 14, 128, 100, 0, 0, 0, 0, 0, 0, 0, 0, 12, 1, 4, 1, 1, 1, 0, 1, 45, 0, 14694
054, Sweden, EXPANSION, 0, 0, 0, 1, 1, 1, 1, 1, 1, 0, 0, 0, 0, 1, 0, 0, PROD_GROWTH, 3, 0, 11, 13, 360, 600, 14, 128, 100, 0, 0, 0, 0, 0, 0, 0, 0, 13, 1, 4, 1, 1, 1, 0, 0, 45, 0, 0
055, Sweden, EXPANSION, 0, 0, 0, 1, 1, 1, 1, 1, 1, 0, 0, 0, 1, 1, 0, 0, PROD_GROWTH, 3, 0, 11, 13, 366, 600, 14, 128, 100, 0, 0, 0, 0, 0, 0, 0, 0, 14, 1, 4, 1, 1, 1, 0, 1, 45, 0, 5915
056, Sweden, EXPANSION, 0, 0, 0, 1, 1, 1, 1, 1, 1, 0, 0, 0, 0, 1, 0, 0, PROD_GROWTH, 3, 0, 12, 12, 372, 600, 15, 128, 100, 0, 0, 0, 0, 0, 0, 0, 0, 15, 1, 4, 1, 1, 1, 0, 0, 45, 0, 0
057, Sweden, EXPANSION, 0, 0, 0, 1, 1, 1, 1, 1, 1, 0, 0, 0, 1, 1, 0, 0, PROD_GROWTH, 3, 0, 12, 12, 377, 600, 15, 128, 100, 0, 0, 0, 0, 0, 0, 0, 0, 16, 1, 4, 1, 1, 1, 0, 1, 45, 0, 5915
058, Sweden, EXPANSION, 0, 0, 0, 1, 1, 1, 1, 1, 1, 0, 0, 0, 0, 1, 0, 0, PROD_GROWTH, 4, 0, 14, 8, 384, 900, 17, 108, 100, 0, 0, 0, 0, 0, 0, 0, 0, 1, 1, 5, 0, 0, 1, 0, 0, 46, 0, 0
059, Sweden, EXPANSION, 0, 0, 0, 1, 1, 1, 1, 1, 1, 0, 0, 1, 2, 1, 0, 0, PROD_GROWTH, 4, 0, 14, 8, 393, 800, 17, 108, 100, 0, 0, 0, 0, 0, 0, 1, 0, 2, 1, 5, 0, 0, 1, 0, 1, 46, 2, 9119
060, Sweden, MILITARY, 0, 0, 0, 1, 1, 1, 1, 1, 1, 0, 0, 1, 2, 1, 0, 0, PROD_GROWTH, 4, 0, 14, 8, 401, 900, 17, 108, 100, 0, 0, 0, 0, 0, 0, 1, 0, 3, 1, 5, 0, 0, 1, 1, 1, 46, 2, 3905
061, Sweden, MILITARY, 0, 0, 0, 1, 1, 1, 1, 1, 1, 0, 0, 1, 2, 1, 0, 0, PROD_GROWTH, 4, 0, 15, 11, 426, 600, 18, 108, 100, 0, 0, 0, 0, 0, 0, 1, 0, 4, 1, 5, 0, 0, 1, 0, 1, 30, 2, 8719
062, Sweden, EXPANSION, 0, 0, 0, 1, 1, 1, 1, 1, 1, 0, 0, 0, 1, 1, 0, 0, PROD_GROWTH, 4, 0, 16, 10, 182, 400, 19, 103, 100, 0, 0, 0, 0, 0, 0, 1, 0, 5, 1, 5, 0, 0, 1, 0, 0, 30, 2, 0
063, Sweden, EXPANSION, 0, 0, 0, 1, 1, 1, 1, 1, 1, 0, 0, 1, 2, 1, 0, 0, PROD_GROWTH, 4, 0, 18, 9, 185, 500, 24, 104, 100, 0, 0, 0, 0, 0, 0, 1, 0, 6, 1, 5, 0, 0, 1, 0, 1, 30, 2, 5915
064, Sweden, EXPANSION, 0, 0, 0, 1, 1, 1, 1, 1, 1, 0, 0, 0, 1, 1, 0, 0, PROD_GROWTH, 4, 0, 18, 9, 189, 200, 27, 105, 100, 0, 0, 0, 0, 0, 0, 1, 0, 7, 1, 5, 0, 0, 1, 0, 1, 31, 2, 701
065, Sweden, EXPANSION, 0, 0, 0, 1, 1, 1, 1, 1, 1, 0, 0, 1, 2, 1, 0, 0, PROD_GROWTH, 4, 0, 18, 9, 191, 1300, 27, 105, 100, 0, 0, 0, 0, 0, 0, 1, 0, 8, 1, 5, 0, 0, 1, 0, 1, 31, 2, 11915
066, Sweden, MILITARY, 0, 0, 0, 1, 1, 1, 1, 1, 1, 0, 0, 1, 3, 1, 0, 0, PROD_GROWTH, 4, 0, 20, 7, 204, 1100, 29, 105, 100, 0, 0, 0, 0, 0, 0, 1, 0, 9, 1, 5, 0, 0, 1, 0, 1, 31, 2, 37073
067, Sweden, MILITARY, 0, 0, 0, 1, 1, 1, 1, 1, 1, 0, 0, 1, 3, 1, 0, 0, PROD_GROWTH, 4, 0, 21, 6, 216, 1300, 31, 118, 100, 0, 0, 0, 0, 0, 0, 1, 0, 10, 1, 5, 0, 0, 1, 0, 1, 30, 2, 35433
068, Sweden, EXPANSION, 0, 0, 0, 1, 1, 1, 1, 1, 1, 0, 0, 0, 1, 1, 0, 0, PROD_GROWTH, 4, 0, 21, 6, 228, 1000, 31, 130, 100, 0, 0, 0, 0, 0, 0, 1, 0, 11, 1, 5, 0, 0, 1, 0, 1, 30, 2, 701
069, Sweden, EXPANSION, 0, 0, 0, 1, 1, 1, 1, 1, 1, 0, 0, 0, 1, 1, 0, 0, PROD_GROWTH, 4, 0, 21, 6, 238, 1200, 31, 116, 100, 0, 0, 0, 0, 0, 0, 0, 0, 12, 1, 5, 0, 0, 1, 0, 1, 30, 1, 5915
070, Sweden, EXPANSION, 0, 0, 0, 1, 1, 1, 1, 1, 1, 0, 0, 1, 2, 1, 0, 0, PROD_GROWTH, 4, 0, 21, 6, 225, 1300, 31, 127, 100, 0, 0, 0, 0, 0, 0, 1, 0, 13, 1, 5, 0, 0, 1, 0, 1, 30, 2, 5889
071, Sweden, EXPANSION, 0, 0, 0, 1, 1, 1, 1, 1, 1, 0, 0, 0, 1, 1, 0, 0, PROD_GROWTH, 4, 0, 22, 5, 239, 900, 32, 134, 100, 0, 0, 0, 0, 0, 0, 0, 0, 14, 1, 5, 0, 0, 1, 0, 1, 30, 1, 283
072, Sweden, EXPANSION, 0, 0, 0, 1, 1, 1, 1, 1, 1, 0, 0, 0, 1, 1, 0, 0, PROD_GROWTH, 4, 0, 23, 5, 226, 1400, 33, 149, 100, 0, 0, 0, 0, 0, 0, 0, 0, 15, 1, 5, 0, 0, 1, 0, 1, 30, 1, 309
073, Sweden, EXPANSION, 0, 0, 0, 1, 1, 1, 1, 1, 1, 0, 0, 0, 0, 1, 0, 0, PROD_GROWTH, 4, 0, 24, 4, 214, 1200, 37, 155, 100, 0, 0, 0, 0, 0, 0, 0, 0, 16, 1, 5, 0, 0, 1, 0, 0, 30, 1, 0
074, Sweden, EXPANSION, 0, 0, 0, 1, 1, 1, 1, 1, 1, 0, 0, 0, 0, 1, 0, 0, PROD_GROWTH, 4, 0, 24, 4, 226, 1300, 37, 162, 100, 0, 0, 0, 0, 0, 0, 0, 0, 17, 1, 6, 0, 0, 1, 0, 0, 46, 1, 0
075, Sweden, EXPANSION, 0, 0, 0, 1, 1, 1, 1, 1, 1, 0, 0, 0, 1, 1, 0, 0, PROD_GROWTH, 4, 0, 24, 4, 238, 1300, 37, 161, 100, 0, 0, 0, 0, 0, 0, 0, 0, 18, 1, 6, 0, 0, 1, 0, 1, 45, 1, 14414
076, Sweden, EXPANSION, 0, 0, 0, 1, 1, 1, 1, 1, 1, 0, 0, 0, 0, 1, 0, 0, PROD_GROWTH, 4, 0, 24, 8, 251, 900, 37, 158, 100, 0, 0, 0, 0, 0, 0, 0, 0, 19, 1, 6, 0, 0, 1, 0, 0, 46, 1, 0
077, Sweden, EXPANSION, 0, 0, 0, 1, 1, 1, 1, 1, 1, 0, 0, 0, 1, 1, 0, 0, PROD_GROWTH, 4, 0, 25, 7, 259, 1200, 40, 156, 100, 0, 0, 0, 0, 0, 0, 0, 0, 20, 1, 6, 0, 0, 1, 0, 1, 45, 1, 14865
078, Sweden, EXPANSION, 0, 0, 0, 1, 1, 1, 1, 1, 1, 0, 0, 0, 0, 1, 0, 0, PROD_GROWTH, 4, 0, 25, 7, 271, 600, 40, 155, 100, 0, 0, 0, 0, 0, 0, 0, 0, 21, 1, 6, 0, 0, 1, 0, 0, 46, 1, 0
079, Sweden, EXPANSION, 0, 0, 0, 1, 1, 1, 1, 1, 1, 0, 0, 0, 1, 1, 0, 0, PROD_GROWTH, 4, 0, 26, 8, 281, 1400, 42, 160, 100, 0, 0, 0, 0, 0, 0, 0, 0, 22, 1, 6, 0, 0, 1, 0, 1, 45, 1, 11360
080, Sweden, EXPANSION, 0, 0, 0, 1, 1, 1, 1, 1, 1, 0, 0, 0, 1, 1, 0, 0, PROD_GROWTH, 4, 0, 27, 7, 295, 1200, 43, 160, 100, 0, 0, 0, 0, 0, 0, 0, 0, 23, 1, 6, 0, 0, 1, 0, 1, 45, 1, 7608
081, Sweden, EXPANSION, 0, 0, 0, 1, 1, 1, 1, 1, 1, 0, 0, 0, 1, 1, 0, 0, PROD_GROWTH, 4, 0, 28, 6, 307, 1400, 45, 160, 100, 0, 0, 0, 0, 0, 0, 0, 0, 24, 1, 6, 0, 0, 1, 0, 1, 45, 1, 14818
082, Sweden, EXPANSION, 0, 0, 0, 1, 1, 1, 1, 1, 1, 0, 0, 0, 1, 1, 0, 0, PROD_GROWTH, 4, 0, 28, 6, 319, 900, 45, 159, 100, 0, 0, 0, 0, 0, 0, 0, 0, 25, 1, 6, 0, 0, 1, 0, 1, 45, 1, 15219
083, Sweden, EXPANSION, 0, 0, 0, 1, 1, 1, 1, 0, 1, 0, 0, 0, 0, 1, 0, 0, PROD_GROWTH, 4, 0, 28, 6, 304, 800, 45, 162, 100, 0, 0, 0, 0, 0, 0, 0, 0, 26, 1, 6, 0, 0, 1, 0, 0, 45, 1, 0
084, Sweden, EXPANSION, 0, 0, 0, 1, 1, 1, 1, 0, 1, 0, 0, 0, 0, 1, 0, 0, PROD_GROWTH, 4, 0, 28, 6, 61, 1000, 45, 158, 100, 0, 0, 0, 0, 0, 0, 0, 0, 27, 1, 6, 0, 0, 1, 0, 0, 49, 1, 0
085, Sweden, EXPANSION, 0, 0, 0, 1, 1, 1, 1, 0, 1, 0, 0, 0, 0, 1, 0, 0, PROD_GROWTH, 4, 0, 28, 6, 72, 800, 45, 158, 100, 0, 0, 0, 0, 0, 0, 0, 0, 28, 1, 6, 0, 0, 1, 0, 0, 48, 1, 0
086, Sweden, EXPANSION, 0, 0, 0, 1, 1, 1, 1, 0, 1, 0, 0, 0, 0, 1, 0, 0, PROD_GROWTH, 4, 0, 28, 6, 80, 1100, 58, 158, 100, 0, 0, 0, 0, 0, 0, 0, 0, 29, 1, 6, 0, 0, 1, 0, 0, 48, 1, 0
087, Sweden, EXPANSION, 0, 0, 0, 1, 1, 1, 1, 0, 1, 0, 0, 0, 0, 1, 0, 0, PROD_GROWTH, 4, 0, 28, 6, 85, 200, 58, 159, 100, 0, 0, 0, 0, 0, 0, 0, 0, 30, 1, 6, 0, 0, 1, 0, 0, 48, 1, 0
088, Sweden, EXPANSION, 0, 0, 0, 1, 1, 1, 1, 0, 1, 0, 0, 0, 1, 1, 0, 0, PROD_GROWTH, 4, 0, 29, 5, 87, 500, 60, 159, 100, 0, 0, 0, 0, 0, 0, 0, 0, 31, 1, 6, 0, 0, 1, 0, 1, 48, 1, 5206
089, Sweden, EXPANSION, 0, 0, 0, 1, 1, 1, 1, 0, 1, 0, 0, 0, 0, 1, 0, 0, PROD_GROWTH, 4, 0, 29, 5, 96, 675, 60, 159, 100, 0, 0, 0, 0, 0, 0, 0, 0, 32, 1, 6, 1, 1, 1, 0, 0, 48, 1, 0
090, Sweden, EXPANSION, 0, 0, 0, 1, 1, 1, 1, 0, 1, 0, 0, 0, 1, 1, 0, 0, PROD_GROWTH, 4, 0, 30, 5, 103, 175, 62, 159, 100, 0, 0, 0, 0, 0, 0, 0, 0, 33, 1, 6, 0, 0, 1, 0, 1, 48, 1, 5206
091, Sweden, EXPANSION, 0, 0, 0, 1, 1, 1, 0, 0, 1, 0, 0, 0, 0, 1, 0, 0, PROD_GROWTH, 4, 0, 30, 5, 105, -125, 62, 153, 100, 0, 0, 0, 0, 0, 0, 0, 0, 34, 1, 6, 0, 0, 1, 0, 0, 48, 1, 0
092, Sweden, EXPANSION, 0, 0, 0, 1, 1, 1, 0, 0, 1, 0, 0, 0, 1, 1, 0, 0, PROD_GROWTH, 4, 0, 30, 5, 104, 175, 62, 134, 100, 0, 0, 0, 0, 0, 0, 0, 0, 35, 1, 6, 0, 0, 1, 0, 1, 48, 1, 5206
093, Sweden, EXPANSION, 0, 0, 0, 1, 1, 1, 0, 0, 1, 0, 0, 0, 1, 1, 0, 0, PROD_GROWTH, 4, 0, 30, 5, 102, -325, 69, 136, 100, 0, 0, 0, 0, 0, 0, 0, 0, 36, 1, 6, 1, 1, 1, 0, 1, 49, 1, 510
094, Sweden, EXPANSION, 0, 0, 0, 1, 1, 1, 0, 0, 1, 0, 0, 0, 1, 1, 0, 0, PROD_GROWTH, 4, 0, 30, 5, 99, -25, 69, 129, 100, 0, 0, 0, 0, 0, 0, 0, 0, 37, 1, 6, 1, 1, 1, 0, 1, 48, 1, 8711
095, Sweden, EXPANSION, 0, 1, 0, 1, 1, 1, 0, 0, 1, 0, 0, 0, 1, 1, 1, 0, GOLD_GROWTH, 4, 0, 30, 5, 97, -525, 69, 131, 100, 0, 0, 0, 0, 0, 0, 0, 0, 38, 1, 6, 1, 1, 1, 0, 1, 49, 1, 714
096, Sweden, EXPANSION, 0, 0, 0, 1, 1, 1, 0, 0, 1, 0, 0, 0, 1, 1, 0, 0, PROD_GROWTH, 4, 0, 30, 5, 99, 725, 69, 133, 100, 0, 0, 0, 0, 0, 0, 0, 0, 39, 1, 6, 1, 1, 1, 0, 1, 48, 1, 15412
097, Sweden, EXPANSION, 0, 1, 0, 1, 1, 1, 0, 0, 1, 0, 0, 0, 1, 1, 1, 0, GOLD_GROWTH, 4, 0, 31, 5, 97, -625, 71, 128, 100, 0, 0, 0, 0, 0, 0, 0, 0, 40, 1, 6, 1, 1, 1, 0, 1, 48, 1, 9072
098, Sweden, EXPANSION, 0, 0, 0, 1, 1, 1, 0, 0, 1, 0, 0, 0, 1, 1, 0, 0, PROD_GROWTH, 4, 0, 31, 5, 98, 325, 71, 130, 100, 0, 0, 0, 0, 0, 0, 0, 0, 41, 1, 6, 1, 1, 1, 0, 1, 48, 1, 7938
099, Sweden, DEVELOPMENT, 0, 0, 1, 1, 1, 0, 0, 0, 0, 0, 0, 0, 0, 1, 0, 0, PROD_GROWTH, 4, 0, 31, 5, 2, -825, 65, 144, 100, 0, 0, 0, 0, 0, 0, 0, 0, 42, 1, 7, 1, 1, 1, 0, 0, 49, 1, 0
100, Sweden, TREASURY_RECOVERY, 0, 0, 1, 1, 1, 0, 0, 0, 0, 0, 0, 0, 1, 1, 1, 0, GOLD, 4, 0, 31, 5, 0, -625, 64, 144, 100, 0, 0, 0, 0, 0, 0, 0, 0, 43, 1, 9, 1, 1, 1, 0, 1, 48, 1, 7183
101, Sweden, EXPANSION, 0, 0, 0, 1, 1, 1, 0, 0, 1, 0, 0, 0, 0, 1, 0, 0, PROD_GROWTH, 4, 0, 32, 4, 5, 500, 79, 145, 100, 0, 0, 0, 0, 0, 0, 0, 0, 44, 1, 9, 1, 1, 1, 0, 0, 48, 1, 0
102, Sweden, DEVELOPMENT, 0, 0, 1, 1, 1, 0, 0, 0, 0, 0, 0, 0, 0, 1, 0, 0, PROD_GROWTH, 4, 0, 32, 4, 0, -800, 70, 144, 100, 0, 0, 0, 0, 0, 0, 0, 0, 45, 1, 9, 1, 1, 1, 0, 0, 48, 1, 0
103, Sweden, TREASURY_RECOVERY, 0, 0, 1, 1, 1, 0, 0, 0, 0, 0, 0, 0, 0, 1, 1, 0, GOLD, 4, 0, 33, 3, 0, -1100, 73, 146, 100, 0, 0, 0, 0, 0, 0, 0, 0, 46, 1, 9, 1, 1, 1, 0, 0, 49, 1, 0
104, Sweden, EXPANSION, 0, 0, 0, 1, 1, 1, 0, 0, 1, 0, 0, 0, 1, 1, 0, 0, PROD_GROWTH, 4, 0, 33, 3, 0, 400, 88, 147, 100, 0, 0, 0, 0, 0, 0, 0, 0, 47, 1, 9, 1, 1, 1, 0, 1, 49, 1, 5206
105, Sweden, HAPPINESS_RECOVERY, 1, 0, 0, 1, 1, 0, 0, 1, 0, 0, 0, 0, 1, 1, 1, 1, PRODUCTION, 5, 0, 35, -1, 4, 134, 83, 151, 100, 0, 0, 0, 0, 0, 0, 0, 0, 1, 1, 5, 0, 0, 1, 0, 1, 47, 1, 6204
106, Sweden, HAPPINESS_RECOVERY, 1, 0, 1, 1, 1, 0, 0, 1, 0, 0, 0, 0, 1, 1, 1, 1, PRODUCTION, 5, 0, 35, -1, 16, -944, 83, 153, 100, 0, 0, 0, 0, 0, 0, 0, 0, 2, 2, 23, 0, 0, 1, 0, 1, 31, 1, 11136
107, Sweden, HAPPINESS_RECOVERY, 1, 0, 1, 1, 1, 0, 0, 1, 0, 0, 0, 0, 1, 1, 1, 1, PRODUCTION, 5, 0, 35, -1, 4, -1242, 75, 153, 100, 0, 0, 0, 0, 0, 0, 0, 0, 3, 2, 23, 0, 0, 1, 0, 1, 30, 1, 3075
108, Sweden, HAPPINESS_RECOVERY, 1, 0, 1, 1, 1, 0, 0, 1, 0, 0, 0, 0, 1, 1, 1, 1, PRODUCTION, 5, 0, 35, -1, 0, -1042, 72, 151, 100, 0, 0, 0, 0, 0, 0, 0, 0, 4, 2, 23, 0, 0, 1, 0, 1, 30, 1, 1098
109, Sweden, HAPPINESS_RECOVERY, 1, 0, 1, 1, 1, 0, 0, 1, 0, 0, 0, 0, 0, 1, 1, 1, PRODUCTION, 5, 0, 35, -1, 0, -2042, 65, 156, 100, 0, 0, 0, 0, 0, 0, 0, 0, 5, 2, 23, 0, 0, 1, 0, 0, 30, 1, 0
110, Sweden, HAPPINESS_RECOVERY, 1, 0, 1, 1, 1, 0, 0, 1, 0, 0, 0, 0, 0, 1, 1, 1, PRODUCTION, 5, 0, 35, -1, 0, -1936, 66, 131, 100, 0, 0, 0, 0, 0, 0, 0, 0, 6, 2, 23, 0, 0, 1, 0, 0, 30, 1, 0
111, Sweden, TREASURY_RECOVERY, 1, 0, 1, 1, 1, 0, 0, 1, 0, 0, 0, 0, 0, 1, 1, 0, PRODUCTION, 5, 0, 35, 1, 0, -2300, 62, 132, 100, 0, 0, 0, 0, 0, 0, 0, 0, 7, 2, 23, 0, 0, 1, 0, 0, 30, 1, 0
112, Sweden, TREASURY_RECOVERY, 1, 0, 1, 1, 1, 0, 0, 1, 0, 0, 0, 0, 0, 1, 1, 0, PRODUCTION, 5, 0, 36, 0, 0, -1500, 71, 134, 100, 0, 0, 0, 0, 0, 0, 0, 0, 8, 2, 25, 0, 0, 1, 0, 0, 30, 1, 0
113, Sweden, HAPPINESS_RECOVERY, 1, 0, 1, 1, 1, 0, 0, 1, 0, 0, 0, 0, 1, 1, 1, 1, PRODUCTION, 5, 0, 37, -1, 0, -1969, 68, 137, 100, 0, 0, 0, 0, 0, 0, 0, 0, 9, 2, 26, 0, 0, 1, 0, 1, 30, 1, 421
114, Sweden, HAPPINESS_RECOVERY, 1, 0, 1, 1, 1, 0, 0, 1, 0, 0, 0, 0, 1, 1, 1, 1, PRODUCTION, 5, 0, 37, -1, 0, -1167, 80, 129, 100, 0, 0, 0, 0, 0, 0, 0, 0, 10, 2, 27, 0, 0, 1, 0, 1, 30, 1, 403
115, Sweden, HAPPINESS_RECOVERY, 1, 0, 1, 1, 1, 0, 0, 1, 0, 0, 0, 0, 0, 1, 1, 1, PRODUCTION, 5, 0, 37, -1, 15, -1567, 91, 130, 100, 0, 0, 0, 0, 0, 0, 0, 0, 11, 2, 27, 0, 0, 1, 0, 0, 30, 1, 60
116, Sweden, HAPPINESS_RECOVERY, 1, 0, 1, 1, 1, 0, 0, 1, 0, 0, 0, 0, 0, 1, 1, 1, PRODUCTION, 5, 0, 37, -1, 0, -1367, 78, 126, 100, 0, 0, 0, 0, 0, 0, 0, 0, 12, 2, 27, 0, 0, 1, 0, 0, 30, 1, 0
117, Sweden, HAPPINESS_RECOVERY, 1, 0, 1, 1, 1, 0, 0, 1, 0, 0, 0, 0, 1, 1, 1, 1, PRODUCTION, 5, 0, 37, -1, 0, -1567, 76, 125, 100, 0, 0, 0, 0, 0, 0, 0, 0, 13, 2, 27, 0, 0, 1, 0, 1, 30, 1, 607
118, Sweden, HAPPINESS_RECOVERY, 1, 0, 1, 1, 1, 0, 0, 1, 0, 0, 0, 0, 1, 1, 1, 1, PRODUCTION, 5, 0, 37, -3, 0, -1651, 75, 126, 100, 0, 0, 0, 0, 0, 0, 0, 0, 14, 2, 27, 0, 0, 1, 0, 1, 30, 1, 647
119, Sweden, HAPPINESS_RECOVERY, 1, 0, 1, 1, 1, 0, 0, 1, 0, 0, 0, 0, 1, 1, 1, 1, PRODUCTION, 5, 0, 37, -3, 0, -1757, 74, 126, 100, 0, 0, 0, 0, 0, 0, 0, 0, 15, 2, 27, 0, 0, 1, 0, 1, 30, 1, 706
120, Sweden, HAPPINESS_RECOVERY, 1, 0, 1, 1, 1, 0, 0, 1, 0, 0, 0, 0, 1, 1, 1, 1, PRODUCTION, 5, 0, 37, -3, 15, -1557, 91, 131, 100, 0, 0, 0, 0, 0, 0, 0, 0, 16, 2, 27, 0, 0, 1, 0, 1, 30, 1, 364
121, Sweden, HAPPINESS_RECOVERY, 1, 0, 1, 1, 1, 0, 0, 1, 0, 0, 0, 0, 1, 1, 1, 1, PRODUCTION, 5, 0, 37, -3, 0, -1757, 74, 127, 100, 0, 0, 0, 0, 0, 0, 0, 0, 17, 2, 27, 0, 0, 1, 0, 1, 30, 1, 647
122, Sweden, HAPPINESS_RECOVERY, 1, 0, 1, 1, 1, 0, 0, 1, 0, 0, 0, 0, 1, 1, 1, 1, PRODUCTION, 5, 0, 37, -3, 0, -1194, 79, 123, 100, 0, 0, 0, 0, 0, 0, 0, 0, 18, 2, 27, 0, 0, 1, 0, 1, 30, 1, 769
123, Sweden, TREASURY_RECOVERY, 1, 0, 1, 1, 1, 0, 0, 1, 0, 0, 0, 0, 1, 1, 1, 0, PRODUCTION, 5, 0, 37, 1, 0, -1350, 87, 115, 100, 0, 0, 0, 0, 0, 0, 0, 0, 19, 2, 27, 0, 0, 1, 0, 1, 30, 1, 688
124, Sweden, HAPPINESS_RECOVERY, 1, 0, 1, 1, 1, 0, 0, 1, 0, 0, 0, 0, 1, 1, 1, 1, PRODUCTION, 5, 0, 40, -1, 0, -904, 88, 117, 100, 0, 0, 0, 0, 0, 0, 0, 0, 20, 2, 27, 0, 0, 1, 0, 1, 30, 1, 497
125, Sweden, HAPPINESS_RECOVERY, 1, 0, 1, 1, 1, 0, 0, 1, 0, 0, 0, 0, 1, 1, 1, 1, PRODUCTION, 5, 0, 40, -1, 0, -1598, 81, 113, 100, 0, 0, 0, 0, 0, 0, 0, 0, 21, 2, 27, 0, 0, 1, 0, 1, 30, 1, 648
126, Sweden, HAPPINESS_RECOVERY, 1, 0, 1, 1, 1, 0, 0, 1, 0, 0, 0, 0, 1, 1, 1, 1, PRODUCTION, 5, 0, 40, -1, 0, -1442, 83, 115, 100, 0, 0, 0, 0, 0, 0, 0, 0, 22, 2, 27, 0, 0, 1, 0, 1, 33, 1, 607
127, Sweden, HAPPINESS_RECOVERY, 1, 0, 1, 1, 1, 0, 0, 1, 0, 0, 0, 0, 0, 1, 1, 1, PRODUCTION, 5, 0, 40, -1, 0, -2142, 76, 115, 100, 0, 0, 0, 0, 0, 0, 0, 0, 23, 2, 27, 0, 0, 1, 0, 0, 33, 1, 0
128, Sweden, TREASURY_RECOVERY, 1, 0, 1, 1, 1, 0, 0, 1, 0, 0, 0, 0, 1, 1, 1, 0, PRODUCTION, 5, 0, 40, 2, 0, -1400, 93, 113, 100, 0, 0, 0, 0, 0, 0, 0, 0, 24, 2, 27, 0, 0, 1, 0, 1, 33, 1, 254
129, Sweden, TREASURY_RECOVERY, 1, 0, 1, 1, 1, 0, 0, 1, 0, 0, 0, 0, 0, 1, 1, 0, PRODUCTION, 5, 0, 41, 1, 0, -1900, 89, 113, 100, 0, 0, 0, 0, 0, 0, 0, 0, 25, 2, 27, 0, 0, 1, 0, 0, 33, 1, 0
130, Sweden, TREASURY_RECOVERY, 1, 0, 1, 1, 1, 0, 0, 0, 0, 0, 0, 0, 1, 1, 1, 0, PRODUCTION, 5, 0, 42, 0, 0, -1750, 93, 114, 100, 0, 0, 0, 0, 0, 0, 0, 0, 26, 2, 26, 0, 0, 1, 0, 1, 33, 1, 254
131, Sweden, TREASURY_RECOVERY, 0, 0, 1, 1, 1, 0, 0, 0, 0, 0, 0, 0, 0, 1, 1, 0, GOLD, 5, 0, 43, 4, 0, -2400, 89, 113, 100, 0, 0, 0, 0, 0, 0, 0, 0, 27, 2, 26, 0, 0, 1, 0, 0, 33, 1, 0
132, Sweden, EXPANSION, 0, 0, 0, 1, 1, 1, 0, 0, 1, 0, 0, 0, 1, 1, 0, 0, PROD_GROWTH, 5, 0, 44, 3, 9, 1600, 114, 112, 100, 0, 0, 0, 0, 0, 0, 0, 0, 28, 2, 26, 0, 0, 1, 0, 1, 33, 1, 526
133, Sweden, EXPANSION, 0, 1, 0, 1, 1, 1, 0, 0, 1, 0, 0, 0, 0, 1, 1, 0, GOLD_GROWTH, 5, 0, 44, 3, 176, -1800, 114, 122, 100, 0, 0, 0, 0, 0, 0, 0, 0, 29, 2, 26, 1, 1, 1, 0, 0, 33, 1, 0
134, Sweden, EXPANSION, 0, 0, 0, 1, 1, 1, 0, 0, 1, 0, 0, 0, 0, 1, 0, 0, PROD_GROWTH, 5, 0, 44, 3, 109, 800, 114, 136, 100, 0, 0, 0, 0, 0, 0, 0, 0, 30, 2, 26, 1, 1, 1, 0, 0, 48, 1, 0
135, Sweden, EXPANSION, 0, 1, 0, 1, 1, 1, 0, 0, 1, 0, 0, 0, 0, 1, 1, 0, GOLD_GROWTH, 5, 0, 47, 4, 27, -502, 123, 147, 100, 0, 0, 0, 0, 0, 0, 0, 0, 31, 2, 26, 2, 1, 1, 0, 0, 48, 1, 0
136, Sweden, EXPANSION, 0, 0, 0, 1, 1, 1, 0, 0, 1, 0, 0, 0, 0, 1, 0, 0, PROD_GROWTH, 5, 0, 47, 14, 23, -77, 123, 146, 100, 0, 0, 0, 0, 0, 0, 0, 0, 32, 2, 26, 2, 1, 1, 0, 0, 48, 1, 0
137, Sweden, DEVELOPMENT, 0, 0, 1, 1, 1, 0, 0, 0, 0, 0, 0, 0, 0, 1, 0, 0, PROD_GROWTH, 5, 0, 47, 14, 12, -1257, 123, 134, 100, 0, 0, 0, 0, 0, 0, 0, 0, 33, 1, 5, 2, 1, 1, 0, 0, 48, 1, 0
138, Sweden, EXPANSION, 0, 0, 0, 1, 1, 1, 0, 0, 1, 0, 0, 0, 1, 1, 0, 0, PROD_GROWTH, 5, 0, 49, 12, 23, 643, 127, 132, 100, 0, 0, 0, 0, 0, 0, 0, 0, 34, 1, 5, 2, 1, 1, 1, 0, 48, 1, 0
139, Sweden, EXPANSION, 0, 1, 0, 1, 1, 1, 0, 0, 1, 0, 0, 0, 1, 1, 1, 0, GOLD_GROWTH, 5, 0, 49, 12, 14, -151, 127, 132, 100, 0, 0, 0, 0, 0, 0, 0, 0, 35, 1, 5, 2, 1, 1, 0, 1, 48, 1, 8008
140, Sweden, EXPANSION, 0, 0, 0, 1, 1, 1, 0, 0, 1, 0, 0, 0, 1, 1, 0, 0, PROD_GROWTH, 5, 0, 49, 8, 31, 1604, 128, 132, 100, 0, 0, 0, 0, 0, 0, 0, 0, 36, 2, 26, 2, 1, 1, 0, 1, 48, 1, 7007
141, Sweden, EXPANSION, 0, 0, 0, 1, 1, 1, 0, 0, 1, 0, 0, 0, 1, 1, 0, 0, PROD_GROWTH, 5, 0, 49, 8, 24, 60, 132, 135, 100, 0, 0, 0, 0, 0, 0, 0, 0, 37, 2, 26, 2, 1, 1, 0, 1, 48, 1, 8008
142, Sweden, EXPANSION, 0, 0, 0, 1, 1, 1, 0, 0, 1, 0, 0, 0, 1, 1, 0, 0, PROD_GROWTH, 5, 0, 50, 8, 22, 10, 135, 136, 100, 0, 0, 0, 0, 0, 0, 0, 0, 38, 2, 26, 2, 1, 1, 0, 1, 49, 1, 7007
143, Sweden, EXPANSION, 0, 0, 0, 1, 1, 1, 0, 0, 1, 0, 0, 0, 1, 1, 0, 0, PROD_GROWTH, 5, 0, 52, 6, 49, 3009, 138, 131, 100, 0, 0, 0, 0, 0, 0, 0, 0, 39, 2, 26, 2, 1, 1, 0, 1, 49, 1, 18964
144, Sweden, EXPANSION, 0, 0, 0, 1, 1, 1, 0, 0, 1, 0, 0, 0, 1, 1, 0, 0, PROD_GROWTH, 5, 0, 52, 7, 84, 3459, 141, 134, 100, 0, 0, 0, 0, 0, 0, 0, 0, 40, 2, 26, 2, 1, 1, 0, 1, 49, 1, 20821
145, Sweden, EXPANSION, 0, 0, 0, 1, 1, 1, 0, 0, 1, 0, 0, 0, 2, 1, 0, 0, PROD_GROWTH, 5, 0, 52, 7, 116, 3159, 138, 137, 100, 0, 0, 0, 0, 0, 0, 0, 0, 41, 1, 5, 2, 1, 1, 1, 1, 49, 1, 18964
146, Sweden, EXPANSION, 0, 0, 0, 1, 1, 1, 0, 0, 1, 0, 0, 0, 1, 1, 0, 0, PROD_GROWTH, 5, 0, 52, 7, 138, 2221, 138, 141, 100, 0, 0, 0, 0, 0, 0, 0, 0, 42, 1, 5, 2, 1, 1, 0, 1, 49, 1, 22803
147, Sweden, EXPANSION, 0, 0, 0, 1, 1, 1, 0, 0, 1, 0, 0, 0, 1, 1, 0, 0, PROD_GROWTH, 5, 0, 52, 7, 164, 2801, 138, 136, 100, 0, 0, 0, 0, 0, 0, 0, 0, 43, 1, 5, 2, 1, 1, 0, 1, 49, 1, 19614
148, Sweden, EXPANSION, 0, 0, 0, 1, 1, 1, 0, 1, 1, 0, 0, 0, 1, 1, 0, 0, PROD_GROWTH, 6, 0, 54, 3, 20, 2611, 144, 143, 100, 0, 0, 0, 0, 0, 0, 0, 0, 1, 1, 5, 1, 1, 1, 0, 1, 60, 1, 22414
149, Sweden, BALANCED, 1, 0, 0, 1, 1, 0, 0, 1, 0, 0, 0, 0, 1, 1, 1, 0, PRODUCTION, 6, 0, 55, 2, 53, 3512, 147, 143, 100, 0, 0, 0, 0, 0, 0, 0, 0, 2, 1, 5, 1, 1, 1, 0, 1, 60, 1, 8008
150, Sweden, BALANCED, 1, 0, 0, 1, 1, 0, 0, 1, 0, 0, 0, 0, 1, 1, 1, 0, PRODUCTION, 6, 0, 56, 1, 7, 2062, 148, 122, 100, 0, 0, 0, 0, 0, 0, 0, 0, 3, 1, 5, 1, 1, 1, 0, 1, 61, 1, 7007
151, Sweden, EXPANSION, 0, 0, 0, 1, 1, 1, 0, 1, 1, 0, 0, 0, 2, 1, 0, 0, PROD_GROWTH, 6, 0, 57, 4, 17, 2470, 151, 123, 100, 0, 0, 0, 0, 0, 0, 0, 0, 4, 1, 5, 1, 1, 1, 1, 1, 61, 1, 11908
152, Sweden, EXPANSION, 0, 0, 0, 1, 1, 1, 0, 1, 1, 0, 0, 0, 2, 1, 0, 0, PROD_GROWTH, 6, 0, 59, 6, 46, 4236, 158, 125, 100, 0, 0, 0, 0, 0, 0, 0, 0, 5, 1, 5, 1, 1, 1, 1, 1, 62, 1, 12308
153, Sweden, EXPANSION, 0, 0, 0, 1, 1, 1, 0, 1, 1, 0, 0, 0, 1, 1, 0, 0, PROD_GROWTH, 6, 0, 60, 6, 89, 3936, 160, 125, 100, 0, 0, 0, 0, 0, 0, 0, 0, 6, 1, 5, 1, 1, 1, 0, 1, 61, 1, 29754
154, Sweden, BALANCED, 1, 0, 0, 1, 1, 0, 0, 1, 0, 0, 0, 0, 2, 1, 1, 0, PRODUCTION, 7, 0, 61, 2, 103, 4936, 161, 128, 100, 0, 0, 0, 0, 0, 0, 0, 0, 1, 1, 5, 0, 0, 1, 1, 1, 48, 1, 12308
155, Sweden, BALANCED, 1, 0, 0, 1, 1, 0, 0, 1, 0, 0, 0, 0, 1, 1, 1, 0, PRODUCTION, 7, 0, 63, 0, 139, 3270, 160, 128, 100, 0, 0, 0, 0, 0, 0, 0, 0, 2, 1, 5, 0, 0, 1, 0, 1, 47, 1, 47874
156, Sweden, BALANCED, 1, 0, 0, 1, 1, 0, 0, 1, 0, 0, 0, 0, 1, 1, 1, 0, PRODUCTION, 7, 0, 63, 0, 170, 3170, 160, 126, 100, 0, 0, 0, 0, 0, 0, 0, 0, 3, 1, 5, 0, 0, 1, 0, 1, 46, 1, 48524
157, Sweden, EXPANSION, 0, 0, 0, 1, 1, 1, 0, 1, 1, 0, 0, 0, 2, 1, 0, 0, PROD_GROWTH, 7, 0, 63, 12, 201, 2770, 160, 136, 100, 0, 0, 0, 0, 0, 0, 0, 0, 4, 1, 5, 0, 0, 1, 1, 1, 46, 1, 11908
158, Sweden, EXPANSION, 0, 0, 0, 1, 1, 1, 0, 1, 1, 0, 0, 0, 2, 1, 0, 0, PROD_GROWTH, 7, 0, 63, 12, 239, 3786, 160, 133, 100, 0, 0, 0, 0, 0, 0, 0, 0, 5, 1, 5, 0, 0, 1, 1, 1, 46, 1, 11908
159, Sweden, EXPANSION, 0, 0, 0, 1, 1, 1, 0, 1, 1, 0, 0, 0, 2, 1, 0, 0, PROD_GROWTH, 7, 0, 64, 12, 293, 2696, 162, 133, 100, 0, 0, 0, 0, 0, 0, 0, 0, 6, 1, 5, 0, 0, 1, 1, 1, 31, 1, 21689
160, Sweden, EXPANSION, 0, 0, 0, 1, 1, 1, 0, 1, 1, 0, 0, 0, 2, 1, 0, 0, PROD_GROWTH, 7, 0, 65, 11, 288, 2696, 163, 130, 100, 0, 0, 0, 0, 0, 0, 0, 0, 7, 1, 5, 0, 0, 1, 1, 1, 31, 1, 12781
161, Sweden, EXPANSION, 0, 0, 0, 1, 1, 1, 0, 1, 1, 0, 0, 0, 2, 1, 0, 0, PROD_GROWTH, 7, 0, 66, 10, 504, 2596, 168, 137, 100, 0, 0, 0, 0, 0, 0, 0, 0, 8, 1, 5, 0, 0, 1, 1, 1, 30, 1, 10359
162, Sweden, EXPANSION, 0, 0, 0, 1, 1, 1, 0, 1, 1, 0, 0, 0, 1, 1, 0, 0, PROD_GROWTH, 7, 0, 66, 10, 5, 2696, 168, 120, 100, 0, 0, 0, 0, 0, 0, 0, 0, 9, 1, 5, 0, 0, 1, 0, 1, 30, 1, 13495
163, Sweden, EXPANSION, 0, 0, 0, 1, 1, 1, 0, 1, 1, 0, 0, 0, 1, 1, 0, 0, PROD_GROWTH, 7, 0, 67, 9, 15, 2733, 167, 135, 100, 0, 0, 0, 0, 0, 0, 0, 0, 10, 1, 5, 1, 1, 1, 0, 1, 30, 1, 4445
164, Sweden, EXPANSION, 0, 0, 0, 1, 1, 1, 0, 1, 1, 0, 0, 0, 0, 1, 0, 0, PROD_GROWTH, 7, 0, 67, 9, 32, 1810, 171, 135, 100, 0, 0, 0, 0, 0, 0, 0, 0, 11, 1, 5, 1, 1, 1, 0, 0, 30, 1, 81
165, Sweden, EXPANSION, 0, 0, 0, 1, 1, 1, 0, 1, 1, 0, 0, 0, 1, 1, 0, 0, PROD_GROWTH, 7, 0, 67, 9, 6, 1533, 186, 141, 100, 0, 0, 0, 0, 0, 0, 0, 0, 12, 1, 5, 1, 1, 1, 0, 1, 30, 1, 972
166, Sweden, EXPANSION, 0, 0, 0, 1, 1, 1, 0, 1, 1, 0, 0, 0, 1, 1, 0, 0, PROD_GROWTH, 7, 0, 68, 8, 22, 2153, 187, 142, 100, 0, 0, 0, 0, 0, 0, 0, 0, 13, 1, 5, 1, 1, 1, 0, 1, 30, 1, 9785
167, Sweden, EXPANSION, 0, 0, 0, 1, 1, 1, 0, 1, 1, 0, 0, 0, 1, 1, 0, 0, PROD_GROWTH, 7, 0, 69, 8, 20, 1632, 191, 144, 100, 0, 0, 0, 0, 0, 0, 0, 0, 14, 1, 5, 1, 1, 1, 0, 1, 30, 1, 2633
168, Sweden, EXPANSION, 0, 0, 0, 1, 1, 1, 0, 1, 1, 0, 0, 0, 1, 1, 0, 0, PROD_GROWTH, 7, 0, 70, 7, 36, 1932, 192, 146, 100, 0, 0, 0, 0, 0, 0, 0, 0, 15, 1, 5, 1, 1, 1, 0, 1, 30, 1, 3232
169, Sweden, EXPANSION, 0, 0, 0, 1, 1, 1, 0, 1, 1, 0, 0, 0, 1, 1, 0, 0, PROD_GROWTH, 7, 0, 69, 8, 50, 589, 187, 142, 100, 0, 0, 0, 0, 0, 0, 0, 0, 16, 1, 5, 1, 1, 1, 0, 1, 30, 1, 4229
170, Sweden, EXPANSION, 0, 0, 0, 1, 1, 1, 0, 1, 1, 0, 0, 0, 1, 1, 0, 0, PROD_GROWTH, 7, 0, 69, 12, 1, 211, 218, 143, 100, 0, 0, 0, 0, 0, 0, 0, 0, 17, 1, 4, 1, 1, 1, 0, 1, 30, 1, 1126
171, Sweden, EXPANSION, 0, 0, 0, 1, 1, 1, 0, 1, 1, 0, 0, 0, 1, 1, 0, 0, PROD_GROWTH, 7, 0, 70, 16, 3, 125, 221, 142, 100, 0, 0, 0, 0, 0, 0, 0, 0, 18, 1, 4, 1, 1, 1, 0, 1, 31, 1, 4441
172, Sweden, EXPANSION, 0, 0, 0, 1, 1, 1, 0, 1, 1, 0, 0, 0, 1, 1, 0, 0, PROD_GROWTH, 7, 0, 72, 15, 5, 25, 224, 141, 100, 0, 0, 0, 0, 0, 0, 0, 0, 19, 1, 4, 1, 1, 1, 0, 1, 31, 1, 1126
173, Sweden, EXPANSION, 0, 0, 0, 1, 1, 1, 0, 1, 1, 0, 0, 0, 1, 1, 0, 0, PROD_GROWTH, 8, 0, 73, 11, 15, 581, 264, 135, 100, 0, 0, 0, 0, 0, 0, 0, 0, 1, 2, 6, 0, 0, 1, 0, 1, 31, 1, 1266
174, Sweden, EXPANSION, 0, 0, 0, 1, 1, 1, 0, 1, 1, 0, 0, 0, 1, 1, 0, 0, PROD_GROWTH, 8, 0, 73, 11, 15, 625, 264, 135, 100, 0, 0, 0, 0, 0, 0, 0, 0, 2, 2, 6, 0, 0, 1, 0, 1, 31, 1, 4745
175, Sweden, BALANCED, 0, 0, 1, 1, 1, 0, 0, 1, 0, 0, 0, 0, 1, 1, 0, 0, PROD_GROWTH, 8, 0, 74, 10, 15, -1051, 265, 145, 100, 0, 0, 0, 0, 0, 0, 0, 0, 3, 2, 6, 0, 0, 1, 0, 1, 31, 1, 4641
176, Sweden, TREASURY_RECOVERY, 0, 0, 1, 1, 1, 0, 0, 1, 0, 0, 0, 0, 1, 1, 1, 0, GOLD, 8, 0, 75, 10, 1, -1833, 253, 143, 100, 0, 0, 0, 0, 0, 0, 0, 0, 4, 2, 6, 0, 0, 1, 0, 1, 31, 1, 4782
177, Sweden, EXPANSION, 0, 0, 0, 1, 1, 1, 0, 1, 1, 0, 0, 0, 1, 1, 0, 0, PROD_GROWTH, 8, 0, 77, 5, 34, 2653, 273, 152, 100, 0, 0, 0, 0, 0, 0, 0, 0, 5, 2, 6, 0, 0, 1, 0, 1, 31, 1, 2000
178, Sweden, DEVELOPMENT, 0, 0, 1, 0, 0, 0, 0, 1, 0, 0, 0, 0, 1, 1, 0, 0, PROD_GROWTH, 8, 0, 77, 9, 7, -911, 272, 149, 100, 0, 0, 0, 0, 0, 0, 0, 0, 6, 0, 0, 0, 1, 1, 0, 1, 15, 1, 1266
179, Sweden, TREASURY_RECOVERY, 0, 0, 1, 1, 1, 0, 0, 1, 0, 0, 0, 0, 1, 1, 1, 0, GOLD, 8, 0, 78, 8, 12, -1563, 271, 145, 100, 0, 0, 0, 0, 0, 0, 0, 0, 7, 2, 6, 0, 0, 1, 0, 1, 15, 1, 2000
180, Sweden, DEVELOPMENT, 0, 0, 0, 1, 1, 1, 0, 1, 0, 1, 0, 0, 1, 1, 0, 0, PROD_GROWTH, 8, 0, 80, 7, 51, 4357, 281, 142, 397, 0, 0, 0, 1, 1, 0, 0, 1, 8, 2, 7, 0, 0, 1, 0, 1, 0, 1, 1266
181, Sweden, DEVELOPMENT, 0, 0, 0, 1, 1, 1, 0, 1, 0, 1, 0, 0, 1, 1, 0, 0, PROD_GROWTH, 8, 0, 80, 7, 24, -50, 281, 134, 336, 0, 0, 0, 1, 1, 0, 0, 1, 9, 2, 7, 0, 0, 1, 0, 1, 0, 1, 2000
182, Sweden, DEVELOPMENT, 0, 0, 0, 1, 1, 1, 0, 1, 0, 1, 0, 0, 1, 1, 0, 0, PROD_GROWTH, 8, 0, 81, 6, 75, 150, 282, 152, 395, 0, 0, 0, 1, 1, 0, 0, 1, 10, 2, 7, 0, 0, 1, 0, 1, 0, 1, 1266
183, Sweden, DEVELOPMENT, 0, 0, 0, 1, 1, 1, 0, 1, 0, 1, 0, 0, 1, 1, 0, 0, PROD_GROWTH, 8, 0, 82, 5, 22, 1400, 284, 153, 404, 0, 0, 0, 1, 1, 0, 0, 1, 11, 2, 7, 0, 0, 1, 0, 1, 0, 1, 2000
184, Sweden, DEVELOPMENT, 0, 0, 0, 1, 1, 1, 0, 1, 0, 1, 0, 0, 0, 1, 0, 0, PROD_GROWTH, 8, 0, 83, 8, 40, 563, 286, 167, 463, 0, 0, 0, 1, 1, 0, 0, 1, 12, 2, 7, 0, 0, 1, 0, 0, 0, 1, 0
185, Sweden, DEVELOPMENT, 0, 0, 0, 1, 1, 1, 0, 1, 0, 1, 0, 0, 0, 1, 0, 0, PROD_GROWTH, 8, 0, 83, 8, 62, 1263, 286, 168, 469, 0, 0, 0, 1, 1, 0, 0, 1, 13, 2, 7, 1, 1, 1, 0, 0, 0, 1, 0
186, Sweden, DEVELOPMENT, 0, 0, 0, 1, 1, 1, 0, 1, 0, 1, 0, 0, 0, 1, 0, 0, PROD_GROWTH, 8, 0, 83, 8, 71, 113, 292, 154, 376, 0, 0, 0, 1, 1, 0, 0, 1, 14, 2, 7, 1, 1, 1, 0, 0, 0, 1, 0
187, Sweden, DEVELOPMENT, 0, 0, 0, 1, 1, 1, 0, 1, 0, 1, 0, 0, 0, 1, 0, 0, PROD_GROWTH, 8, 0, 84, 9, 73, 721, 310, 174, 420, 0, 0, 0, 1, 1, 0, 0, 1, 15, 2, 7, 0, 0, 1, 0, 0, 0, 1, 0
188, Sweden, DEVELOPMENT, 0, 0, 0, 1, 1, 1, 0, 1, 0, 1, 0, 0, 1, 1, 0, 0, PROD_GROWTH, 8, 0, 84, 9, 93, 147, 310, 171, 422, 0, 0, 0, 1, 1, 0, 0, 1, 16, 2, 7, 0, 0, 1, 0, 1, 0, 1, 2209
189, Sweden, BALANCED, 0, 1, 0, 1, 1, 1, 0, 1, 0, 1, 0, 0, 1, 1, 1, 0, GOLD_GROWTH, 8, 0, 84, 9, 80, -1303, 320, 177, 420, 0, 0, 0, 1, 1, 0, 0, 1, 17, 2, 7, 0, 0, 1, 0, 1, 0, 1, 364
190, Sweden, DEVELOPMENT, 0, 0, 0, 1, 1, 1, 0, 1, 0, 1, 0, 0, 0, 1, 0, 0, PROD_GROWTH, 8, 0, 86, 8, 118, 4511, 363, 174, 426, 0, 0, 0, 1, 1, 0, 0, 1, 18, 2, 7, 0, 0, 1, 0, 0, 0, 1, 0
191, Sweden, BALANCED, 0, 1, 0, 1, 1, 1, 0, 1, 0, 1, 0, 0, 1, 1, 1, 0, GOLD_GROWTH, 8, 0, 87, 8, 127, -1409, 371, 194, 505, 0, 0, 0, 1, 1, 0, 0, 1, 19, 2, 7, 0, 0, 1, 0, 1, 0, 1, 364
192, Sweden, DEVELOPMENT, 0, 0, 0, 1, 1, 1, 0, 1, 0, 1, 0, 0, 0, 1, 0, 0, PROD_GROWTH, 8, 0, 88, 7, 192, 5165, 408, 202, 511, 0, 0, 0, 1, 1, 0, 0, 1, 20, 2, 7, 0, 0, 1, 0, 0, 0, 1, 0
193, Sweden, BALANCED, 0, 1, 0, 1, 1, 1, 0, 1, 0, 1, 0, 0, 1, 1, 1, 0, GOLD_GROWTH, 8, 0, 88, 7, 188, -870, 431, 206, 510, 0, 0, 0, 1, 1, 0, 0, 1, 21, 2, 6, 1, 1, 1, 0, 1, 0, 1, 364
194, Sweden, BALANCED, 1, 0, 0, 1, 1, 0, 0, 1, 0, 1, 0, 0, 1, 1, 1, 0, PRODUCTION, 8, 0, 91, 0, 219, 3515, 403, 204, 515, 0, 0, 0, 1, 1, 0, 0, 1, 22, 2, 6, 1, 1, 1, 0, 1, 0, 1, 648
195, Sweden, BALANCED, 1, 1, 0, 1, 1, 0, 0, 1, 0, 1, 0, 0, 1, 1, 1, 0, PRODUCTION, 8, 0, 91, 2, 194, -2372, 367, 202, 494, 0, 0, 0, 1, 1, 0, 0, 1, 23, 2, 7, 1, 1, 1, 0, 1, 0, 1, 1612
196, Sweden, BALANCED, 0, 1, 0, 1, 1, 1, 0, 1, 0, 1, 0, 0, 1, 1, 1, 0, GOLD_GROWTH, 8, 0, 91, 6, 170, -1448, 370, 209, 526, 0, 0, 0, 1, 1, 0, 0, 1, 24, 2, 6, 1, 1, 1, 0, 1, 0, 1, 3615
197, Sweden, DEVELOPMENT, 0, 0, 0, 1, 1, 1, 0, 1, 0, 1, 0, 0, 1, 1, 0, 0, PROD_GROWTH, 8, 0, 91, 6, 366, 6134, 421, 230, 610, 0, 0, 0, 1, 1, 0, 0, 1, 25, 2, 6, 1, 1, 1, 0, 1, 0, 1, 8192
198, Sweden, DEVELOPMENT, 0, 0, 0, 1, 1, 1, 0, 0, 0, 1, 0, 0, 1, 1, 0, 0, PROD_GROWTH, 8, 0, 91, 6, 382, 3459, 488, 238, 631, 0, 0, 0, 1, 1, 0, 0, 1, 26, 2, 6, 1, 1, 1, 0, 1, 0, 1, 3722
199, Sweden, DEVELOPMENT, 0, 0, 0, 1, 1, 1, 0, 0, 0, 1, 0, 0, 1, 1, 0, 0, PROD_GROWTH, 8, 0, 91, 7, 418, 3695, 490, 249, 700, 0, 0, 0, 1, 1, 0, 0, 1, 27, 2, 6, 1, 1, 1, 0, 1, 0, 1, 13481
200, Sweden, DEVELOPMENT, 0, 0, 0, 1, 1, 1, 0, 0, 0, 1, 0, 0, 1, 1, 0, 0, PROD_GROWTH, 8, 0, 91, 7, 1002, 8032, 493, 259, 762, 0, 0, 0, 1, 1, 0, 0, 1, 28, 2, 6, 1, 1, 1, 0, 1, 0, 1, 9299
201, Sweden, DEVELOPMENT, 0, 0, 0, 1, 1, 1, 0, 0, 0, 1, 0, 0, 1, 1, 0, 0, PROD_GROWTH, 8, 0, 91, 14, 19, 5700, 510, 232, 586, 0, 0, 0, 1, 1, 0, 0, 1, 29, 2, 7, 1, 1, 1, 0, 1, 0, 1, 7331
202, Sweden, DEVELOPMENT, 0, 0, 0, 1, 1, 1, 0, 0, 0, 1, 0, 0, 1, 1, 0, 0, PROD_GROWTH, 8, 0, 92, 15, 6, 7838, 526, 231, 534, 0, 0, 0, 1, 1, 0, 0, 1, 30, 2, 7, 1, 1, 1, 0, 1, 0, 1, 9924
203, Sweden, DEVELOPMENT, 0, 0, 0, 1, 1, 1, 0, 1, 0, 1, 0, 0, 1, 1, 0, 0, PROD_GROWTH, 9, 0, 93, 12, 40, 6270, 524, 239, 576, 0, 0, 0, 1, 1, 0, 0, 1, 1, 2, 7, 0, 0, 1, 0, 1, 0, 1, 4096
204, Sweden, DEVELOPMENT, 0, 0, 0, 1, 1, 1, 0, 1, 0, 1, 0, 0, 1, 1, 0, 0, PROD_GROWTH, 9, 0, 94, 11, 34, 8028, 524, 241, 591, 0, 0, 0, 1, 1, 0, 0, 1, 2, 2, 7, 0, 0, 1, 0, 1, 0, 1, 5571
205, Sweden, DEVELOPMENT, 0, 0, 0, 1, 1, 1, 0, 1, 0, 1, 0, 0, 0, 1, 0, 0, PROD_GROWTH, 9, 0, 94, 16, 49, 7895, 526, 251, 616, 0, 0, 0, 1, 1, 0, 0, 1, 3, 2, 7, 0, 0, 1, 0, 0, 0, 1, 0
206, Sweden, DEVELOPMENT, 0, 0, 0, 1, 1, 1, 0, 1, 0, 1, 0, 0, 1, 1, 0, 0, PROD_GROWTH, 9, 0, 95, 15, 13, 8495, 534, 247, 556, 0, 0, 0, 1, 1, 0, 0, 1, 4, 2, 7, 0, 0, 1, 0, 1, 0, 1, 3700
207, Sweden, DEVELOPMENT, 0, 0, 0, 1, 1, 1, 0, 1, 0, 1, 0, 0, 1, 1, 0, 0, PROD_GROWTH, 9, 0, 96, 11, 0, 8642, 564, 253, 579, 0, 0, 0, 1, 1, 0, 0, 1, 5, 2, 7, 0, 0, 1, 0, 1, 0, 1, 364
208, Sweden, DEVELOPMENT, 0, 0, 0, 1, 1, 1, 0, 1, 0, 1, 0, 0, 0, 1, 0, 0, PROD_GROWTH, 9, 0, 97, 10, 22, 11042, 565, 259, 556, 0, 0, 0, 1, 1, 0, 0, 1, 6, 2, 7, 0, 0, 1, 0, 0, 0, 1, 0
209, Sweden, DEVELOPMENT, 0, 0, 0, 1, 1, 1, 0, 1, 0, 1, 0, 0, 1, 1, 0, 0, PROD_GROWTH, 9, 0, 97, 10, 31, 8974, 561, 269, 578, 0, 0, 0, 1, 1, 0, 0, 1, 7, 2, 7, 0, 0, 1, 0, 1, 0, 1, 324
210, Sweden, DEVELOPMENT, 0, 0, 0, 1, 1, 1, 0, 1, 0, 1, 0, 0, 1, 1, 0, 0, PROD_GROWTH, 9, 0, 98, 9, 41, 12514, 561, 286, 607, 0, 0, 0, 1, 1, 0, 0, 1, 8, 2, 7, 0, 0, 1, 0, 1, 0, 1, 364
211, Sweden, DEVELOPMENT, 0, 0, 0, 1, 1, 1, 0, 1, 0, 1, 0, 0, 1, 1, 0, 0, PROD_GROWTH, 9, 0, 99, 8, 123, 12775, 572, 300, 664, 0, 0, 0, 1, 1, 0, 0, 1, 9, 2, 7, 0, 0, 1, 0, 1, 0, 1, 282
212, Sweden, DEVELOPMENT, 0, 0, 0, 1, 1, 1, 0, 1, 0, 1, 0, 0, 1, 1, 0, 0, PROD_GROWTH, 9, 0, 99, 8, 174, 11542, 614, 312, 728, 0, 0, 0, 1, 1, 0, 0, 1, 10, 2, 7, 0, 0, 1, 0, 1, 0, 1, 364
213, Sweden, DEVELOPMENT, 0, 0, 0, 0, 0, 0, 0, 1, 0, 1, 0, 0, 1, 1, 0, 0, PROD_GROWTH, 9, 0, 101, 7, 202, 12860, 616, 318, 730, 0, 0, 0, 1, 1, 0, 0, 1, 11, 2, 0, 0, 0, 1, 0, 1, 0, 1, 324
214, Sweden, DEVELOPMENT, 0, 0, 0, 0, 0, 0, 0, 1, 0, 1, 0, 0, 1, 1, 0, 0, PROD_GROWTH, 9, 0, 101, 7, 218, 15385, 616, 321, 785, 0, 0, 0, 1, 1, 0, 0, 1, 12, 2, 0, 0, 0, 1, 0, 1, 0, 1, 364
215, Sweden, DEVELOPMENT, 0, 0, 0, 0, 0, 0, 0, 1, 0, 1, 0, 0, 0, 1, 0, 0, PROD_GROWTH, 9, 0, 101, 7, 290, 13690, 617, 330, 805, 0, 0, 0, 1, 1, 0, 0, 1, 13, 2, 0, 0, 0, 1, 0, 0, 0, 1, 0
216, Sweden, DEVELOPMENT, 0, 0, 0, 0, 0, 0, 0, 1, 0, 1, 0, 0, 1, 1, 0, 0, PROD_GROWTH, 9, 0, 100, 8, 405, 11924, 463, 332, 828, 0, 0, 0, 1, 1, 0, 0, 1, 14, 0, 0, 0, 1, 1, 0, 1, 0, 1, 364
217, Sweden, DEVELOPMENT, 0, 0, 0, 0, 0, 0, 0, 1, 0, 1, 0, 0, 0, 1, 0, 0, PROD_GROWTH, 9, 0, 100, 8, 524, 12286, 463, 336, 849, 0, 0, 0, 1, 1, 0, 0, 1, 15, 0, 0, 0, 1, 1, 0, 0, 0, 1, 0
218, Sweden, DEVELOPMENT, 0, 0, 0, 0, 0, 0, 0, 1, 0, 1, 0, 0, 1, 1, 0, 0, PROD_GROWTH, 9, 0, 102, 6, 369, 12938, 525, 350, 901, 0, 0, 0, 1, 1, 0, 0, 1, 16, 0, 0, 0, 1, 1, 0, 1, 0, 1, 364
219, Sweden, DEVELOPMENT, 0, 0, 0, 0, 0, 0, 0, 1, 0, 1, 0, 0, 1, 1, 0, 0, PROD_GROWTH, 9, 0, 102, 6, 534, 12638, 528, 351, 875, 0, 0, 0, 1, 1, 0, 0, 1, 17, 0, 0, 0, 1, 1, 0, 1, 0, 1, 445
220, Sweden, DEVELOPMENT, 0, 0, 0, 0, 0, 0, 0, 1, 0, 1, 0, 0, 0, 1, 0, 0, PROD_GROWTH, 9, 0, 102, 6, 686, 10621, 561, 362, 935, 0, 0, 0, 1, 1, 0, 0, 1, 18, 0, 0, 0, 1, 1, 0, 0, 0, 1, 0
221, Sweden, DEVELOPMENT, 0, 0, 0, 0, 0, 0, 0, 1, 0, 1, 0, 0, 1, 1, 0, 0, PROD_GROWTH, 9, 0, 102, 6, 731, 9021, 568, 375, 982, 0, 0, 0, 1, 1, 0, 0, 1, 19, 0, 0, 0, 1, 1, 0, 1, 0, 1, 364
222, Sweden, DEVELOPMENT, 0, 0, 0, 0, 0, 0, 0, 1, 0, 1, 0, 0, 0, 1, 0, 0, PROD_GROWTH, 9, 0, 104, 5, 784, 10420, 581, 381, 1032, 0, 0, 0, 1, 1, 0, 0, 1, 20, 0, 0, 0, 1, 1, 0, 0, 0, 1, 0
223, Sweden, DEVELOPMENT, 0, 0, 0, 0, 0, 0, 0, 1, 0, 1, 0, 0, 1, 1, 0, 0, PROD_GROWTH, 9, 0, 105, 9, 843, 8225, 579, 380, 1028, 0, 0, 0, 1, 1, 0, 0, 1, 21, 0, 0, 0, 1, 1, 0, 1, 0, 1, 1514
224, Sweden, DEVELOPMENT, 0, 0, 0, 0, 0, 0, 0, 1, 0, 1, 0, 0, 1, 1, 0, 0, PROD_GROWTH, 9, 0, 105, 9, 875, 8125, 579, 378, 1022, 0, 0, 0, 1, 1, 0, 0, 1, 22, 0, 0, 0, 1, 1, 0, 1, 1, 1, 1950
225, Sweden, DEVELOPMENT, 0, 0, 0, 0, 0, 0, 0, 1, 0, 1, 0, 0, 1, 1, 0, 0, PROD_GROWTH, 9, 0, 105, 9, 903, 8608, 584, 396, 1126, 0, 0, 0, 1, 1, 0, 0, 1, 23, 0, 0, 0, 1, 1, 0, 1, 0, 1, 12609
226, Sweden, HAPPINESS_RECOVERY, 1, 0, 0, 0, 0, 0, 0, 1, 0, 1, 0, 0, 1, 1, 1, 1, PRODUCTION, 9, 0, 106, -1, 745, 7509, 549, 390, 1092, 0, 0, 0, 1, 1, 0, 0, 1, 24, 0, 0, 0, 1, 1, 0, 1, 0, 0, 324
227, Sweden, HAPPINESS_RECOVERY, 1, 0, 0, 0, 0, 0, 0, 1, 0, 1, 0, 0, 1, 1, 1, 1, PRODUCTION, 9, 0, 106, -1, 516, 5861, 549, 379, 1044, 0, 0, 0, 1, 1, 0, 0, 1, 25, 0, 0, 0, 1, 1, 0, 1, 0, 0, 464
228, Sweden, HAPPINESS_RECOVERY, 1, 0, 0, 0, 0, 0, 0, 0, 0, 1, 1, 0, 1, 1, 1, 1, PRODUCTION, 9, 0, 106, -1, 517, 6875, 546, 372, 996, 0, 0, 1, 1, 1, 0, 0, 1, 26, 0, 0, 0, 1, 1, 0, 1, 0, 1, 3204
229, Sweden, BALANCED, 1, 0, 0, 0, 0, 0, 0, 0, 0, 1, 1, 0, 1, 1, 1, 0, PRODUCTION, 9, 0, 106, 0, 586, 5898, 607, 371, 989, 0, 0, 1, 1, 1, 0, 0, 1, 27, 0, 0, 0, 1, 1, 0, 0, 0, 1, 0
230, Sweden, HAPPINESS_RECOVERY, 1, 0, 0, 0, 0, 0, 0, 0, 0, 1, 1, 0, 1, 1, 1, 1, PRODUCTION, 9, 0, 109, -1, 315, 5478, 556, 363, 936, 0, 0, 1, 1, 1, 0, 0, 1, 28, 0, 0, 0, 1, 1, 0, 1, 0, 1, 3204
231, Sweden, HAPPINESS_RECOVERY, 1, 0, 0, 0, 0, 0, 0, 0, 0, 1, 1, 0, 1, 1, 1, 1, PRODUCTION, 9, 0, 109, -1, 321, 5478, 560, 367, 983, 0, 0, 1, 1, 1, 0, 0, 1, 29, 0, 0, 0, 1, 1, 0, 1, 0, 1, 864
232, Sweden, BALANCED, 1, 0, 0, 0, 0, 0, 0, 0, 0, 1, 1, 0, 1, 1, 1, 0, PRODUCTION, 9, 0, 109, 0, 376, 4185, 608, 359, 991, 0, 0, 1, 1, 1, 0, 0, 1, 30, 0, 0, 0, 1, 1, 0, 1, 0, 1, 3604
233, Sweden, HAPPINESS_RECOVERY, 1, 0, 0, 0, 0, 0, 0, 0, 0, 1, 1, 0, 1, 1, 1, 1, PRODUCTION, 9, 0, 110, -2, 414, 3097, 558, 381, 1294, 0, 0, 1, 1, 1, 0, 0, 1, 31, 0, 0, 0, 1, 1, 0, 0, 0, 1, 0
234, Sweden, HAPPINESS_RECOVERY, 1, 0, 0, 0, 0, 0, 0, 0, 0, 1, 1, 0, 1, 1, 1, 1, PRODUCTION, 9, 0, 110, -2, 433, 4479, 576, 384, 1313, 0, 0, 1, 1, 1, 0, 0, 1, 32, 0, 0, 0, 1, 1, 0, 0, 0, 0, 0
235, Sweden, HAPPINESS_RECOVERY, 1, 0, 0, 0, 0, 0, 0, 0, 0, 1, 1, 0, 1, 1, 1, 1, PRODUCTION, 9, 0, 110, -1, 478, 4765, 575, 382, 1306, 0, 0, 1, 1, 1, 0, 0, 1, 33, 0, 0, 0, 1, 1, 0, 0, 0, 0, 0
236, Sweden, BALANCED, 1, 0, 0, 0, 0, 0, 0, 0, 0, 1, 1, 0, 1, 1, 1, 0, PRODUCTION, 9, 0, 110, 1, 270, 4080, 632, 374, 1242, 0, 0, 1, 1, 1, 0, 0, 1, 34, 0, 0, 0, 1, 1, 0, 0, 0, 0, 0
237, Sweden, BALANCED, 1, 0, 0, 0, 0, 0, 0, 0, 0, 1, 1, 0, 1, 1, 1, 0, PRODUCTION, 9, 0, 111, 0, 311, 5718, 631, 373, 1248, 0, 0, 1, 1, 1, 0, 0, 1, 35, 0, 0, 0, 1, 1, 0, 0, 0, 0, 0
238, Sweden, BALANCED, 1, 0, 0, 0, 0, 0, 0, 0, 0, 1, 1, 0, 1, 1, 1, 0, PRODUCTION, 9, 0, 111, 0, 355, 5633, 630, 381, 1382, 0, 0, 1, 1, 1, 0, 0, 1, 36, 0, 0, 0, 1, 1, 0, 1, 1, 0, 3604
239, Sweden, HAPPINESS_RECOVERY, 1, 0, 0, 0, 0, 0, 0, 0, 0, 1, 1, 0, 2, 1, 1, 1, PRODUCTION, 9, 0, 112, -1, 404, 4005, 579, 385, 1445, 0, 0, 1, 1, 1, 0, 0, 1, 37, 0, 0, 0, 1, 1, 0, 1, 1, 0, 55672
240, Sweden, HAPPINESS_RECOVERY, 1, 0, 0, 0, 0, 0, 0, 0, 0, 1, 1, 0, 2, 1, 1, 1, PRODUCTION, 9, 0, 112, -1, 322, 1187, 597, 386, 1448, 0, 0, 1, 1, 1, 0, 0, 1, 38, 0, 0, 0, 1, 1, 0, 1, 0, 0, 21010
241, Sweden, BALANCED, 1, 1, 0, 0, 0, 0, 0, 0, 0, 1, 1, 0, 1, 1, 1, 0, PRODUCTION, 9, 0, 112, 1, 328, -1194, 656, 390, 1450, 0, 0, 1, 1, 1, 0, 0, 1, 39, 0, 0, 0, 1, 1, 0, 0, 0, 0, 0
242, Sweden, BALANCED, 1, 1, 0, 0, 0, 0, 0, 0, 0, 1, 1, 0, 1, 1, 1, 0, PRODUCTION, 9, 0, 113, 1, 313, -1252, 684, 388, 1435, 0, 0, 1, 1, 1, 0, 0, 1, 40, 0, 0, 0, 1, 1, 0, 0, 0, 0, 0
243, Sweden, BALANCED, 1, 1, 0, 0, 0, 0, 0, 0, 0, 1, 1, 0, 1, 1, 1, 0, PRODUCTION, 9, 0, 113, 2, 308, -2152, 682, 396, 1503, 0, 0, 1, 1, 1, 0, 0, 1, 41, 0, 0, 0, 1, 1, 0, 1, 0, 0, 3604
244, Sweden, BALANCED, 0, 1, 0, 0, 0, 0, 0, 0, 0, 1, 1, 0, 1, 1, 1, 0, GOLD_GROWTH, 9, 0, 113, 3, 284, -4265, 682, 399, 1467, 0, 0, 1, 1, 1, 0, 0, 1, 42, 0, 0, 0, 1, 1, 0, 0, 0, 0, 0
245, Sweden, DEVELOPMENT, 0, 0, 0, 0, 0, 0, 0, 0, 0, 1, 1, 0, 1, 1, 0, 0, PROD_GROWTH, 9, 0, 114, 3, 336, 5399, 774, 411, 1590, 0, 0, 1, 1, 1, 0, 0, 1, 43, 0, 0, 0, 1, 1, 0, 1, 0, 0, 3604
246, Sweden, DEVELOPMENT, 0, 0, 0, 0, 0, 0, 0, 0, 0, 1, 1, 0, 1, 1, 0, 0, PROD_GROWTH, 9, 0, 114, 3, 336, 739, 777, 410, 1621, 0, 0, 1, 1, 1, 0, 0, 1, 44, 0, 0, 0, 1, 1, 0, 0, 0, 0, 0
247, Sweden, BALANCED, 1, 0, 0, 0, 0, 0, 0, 0, 0, 1, 1, 0, 1, 1, 1, 0, PRODUCTION, 9, 0, 115, 2, 361, 1085, 789, 410, 1684, 0, 0, 1, 1, 1, 0, 0, 1, 45, 0, 0, 0, 1, 1, 0, 0, 0, 0, 0
248, Sweden, BALANCED, 0, 1, 0, 0, 0, 0, 0, 0, 0, 1, 1, 0, 1, 1, 1, 0, GOLD_GROWTH, 9, 0, 115, 9, 334, -2515, 744, 408, 1700, 0, 0, 1, 1, 1, 0, 0, 1, 46, 1, 0, 0, 0, 1, 0, 0, 0, 0, 0
249, Sweden, DEVELOPMENT, 0, 0, 0, 0, 0, 0, 0, 0, 0, 1, 1, 0, 1, 0, 0, 0, PROD_GROWTH, 9, 0, 115, 5, 390, 6565, 822, 413, 1832, 1, 0, 1, 1, 1, 0, 0, 1, 47, 1, 0, 0, 0, 1, 0, 1, 0, 0, 4270
250, Sweden, DEVELOPMENT, 0, 0, 0, 0, 0, 0, 0, 0, 0, 1, 1, 1, 2, 0, 0, 0, PROD_GROWTH, 9, 0, 116, 5, 415, 522, 807, 411, 2027, 1, 0, 1, 1, 1, 0, 0, 1, 48, 1, 0, 0, 0, 1, 0, 1, 0, 0, 12304
251, Sweden, MILITARY, 0, 0, 0, 0, 0, 0, 0, 0, 0, 1, 1, 1, 3, 0, 0, 0, PROD_GROWTH, 9, 0, 117, 4, 175, 520, 821, 409, 2205, 1, 0, 1, 1, 1, 0, 0, 1, 49, 1, 0, 0, 0, 1, 0, 1, 0, 0, 43217
252, Sweden, MILITARY, 0, 0, 0, 0, 0, 0, 0, 0, 0, 1, 1, 1, 2, 0, 0, 0, PROD_GROWTH, 9, 0, 118, 3, 301, 1528, 836, 414, 3266, 1, 0, 1, 1, 1, 0, 0, 1, 50, 1, 0, 0, 0, 1, 0, 1, 0, 0, 10203
253, Sweden, MILITARY, 0, 0, 0, 0, 0, 0, 0, 0, 0, 1, 1, 1, 3, 0, 0, 0, PROD_GROWTH, 9, 0, 118, 4, 83, 53, 843, 406, 4630, 1, 0, 1, 1, 1, 0, 0, 1, 51, 1, 0, 0, 0, 1, 0, 1, 0, 0, 219660
254, Sweden, MILITARY, 0, 0, 0, 0, 0, 0, 0, 0, 0, 1, 1, 1, 3, 0, 0, 0, PROD_GROWTH, 9, 0, 119, 4, 75, 391, 849, 407, 5997, 1, 0, 1, 1, 1, 0, 0, 1, 52, 1, 0, 0, 0, 1, 0, 1, 3, 0, 191173
255, Sweden, MILITARY, 0, 0, 0, 0, 0, 0, 0, 0, 0, 1, 1, 1, 3, 0, 0, 0, PROD_GROWTH, 9, 0, 120, 4, 86, 603, 842, 404, 6189, 1, 0, 1, 1, 1, 0, 0, 1, 53, 2, 0, 0, 0, 1, 0, 1, 3, 0, 58662
256, Sweden, MILITARY, 0, 0, 0, 0, 0, 0, 0, 0, 0, 1, 1, 1, 3, 0, 0, 0, PROD_GROWTH, 9, 0, 120, 4, 20, 1703, 858, 401, 6896, 1, 0, 1, 1, 1, 0, 0, 1, 54, 1, 0, 0, 0, 1, 0, 1, 3, 0, 72498
257, Sweden, DEVELOPMENT, 0, 0, 0, 0, 0, 0, 0, 0, 0, 1, 1, 0, 1, 0, 0, 0, PROD_GROWTH, 9, 0, 120, 10, 51, 3026, 861, 399, 5930, 1, 0, 1, 1, 1, 0, 0, 1, 55, 1, 0, 0, 0, 1, 0, 1, 3, 0, 2098
258, Sweden, DEVELOPMENT, 0, 0, 0, 0, 0, 0, 0, 0, 0, 1, 1, 1, 3, 0, 0, 0, PROD_GROWTH, 9, 0, 121, 10, 670, 5666, 885, 414, 7519, 1, 0, 1, 1, 1, 0, 0, 1, 56, 1, 0, 0, 0, 1, 0, 1, 3, 0, 56135
259, Sweden, MILITARY, 0, 0, 0, 0, 0, 0, 0, 0, 0, 1, 1, 1, 3, 0, 0, 0, PROD_GROWTH, 9, 0, 121, 11, 727, 3391, 877, 411, 6931, 1, 0, 1, 1, 1, 0, 0, 1, 57, 1, 0, 0, 0, 1, 0, 1, 3, 0, 203560
260, Sweden, MILITARY, 0, 0, 0, 0, 0, 0, 0, 0, 0, 1, 1, 1, 3, 0, 0, 0, PROD_GROWTH, 9, 0, 121, 11, 791, 2230, 901, 398, 4576, 1, 0, 1, 1, 1, 0, 0, 1, 58, 1, 0, 0, 0, 1, 0, 1, 3, 0, 148519
261, Sweden, DEVELOPMENT, 0, 0, 0, 0, 0, 0, 0, 0, 0, 1, 0, 0, 1, 1, 0, 0, PROD_GROWTH, 10, 1, 133, 8, 1088, -472, 902, 343, 100, 0, 0, 0, 0, 0, 0, 0, 1, 59, 1, 0, 0, 0, 1, 0, 1, 0, 0, 224670
262, Sweden, DEVELOPMENT, 0, 0, 0, 0, 0, 0, 0, 0, 0, 1, 1, 0, 2, 1, 0, 0, PROD_GROWTH, 10, 1, 133, 7, 889, -894, 1197, 352, 973, 0, 2, 0, 2, 0, 0, 0, 1, 60, 2, 0, 0, 0, 1, 0, 1, 0, 0, 68230
263, Sweden, DEVELOPMENT, 0, 0, 0, 0, 0, 0, 0, 0, 0, 1, 1, 0, 1, 1, 0, 0, PROD_GROWTH, 10, 1, 132, 8, 889, -131, 1153, 349, 978, 0, 2, 0, 2, 0, 0, 0, 1, 61, 2, 0, 0, 0, 1, 0, 1, 1, 0, 1809
264, Sweden, BALANCED, 0, 1, 0, 0, 0, 0, 0, 0, 0, 1, 1, 0, 2, 1, 1, 0, GOLD_GROWTH, 10, 1, 132, 8, 842, -1531, 1153, 351, 1050, 0, 2, 0, 2, 0, 0, 0, 1, 62, 2, 0, 0, 0, 1, 0, 1, 0, 0, 116549
265, Sweden, DEVELOPMENT, 0, 0, 0, 0, 0, 0, 0, 0, 0, 1, 1, 0, 2, 1, 0, 0, PROD_GROWTH, 10, 1, 133, 7, 910, 4935, 883, 357, 1124, 0, 1, 1, 2, 0, 0, 0, 1, 63, 2, 0, 0, 0, 1, 0, 1, 0, 0, 42919
266, Sweden, DEVELOPMENT, 0, 0, 0, 0, 0, 0, 0, 0, 0, 1, 1, 0, 1, 1, 0, 0, PROD_GROWTH, 10, 1, 133, 7, 944, 275, 1143, 356, 1110, 0, 1, 1, 2, 0, 0, 0, 1, 64, 2, 0, 0, 0, 1, 0, 1, 1, 0, 4567
267, Sweden, HAPPINESS_RECOVERY, 1, 1, 0, 0, 0, 0, 0, 0, 0, 1, 1, 0, 2, 1, 1, 1, PRODUCTION, 10, 1, 133, -6, 867, -1907, 1042, 361, 1124, 0, 1, 1, 2, 0, 0, 0, 1, 65, 2, 0, 0, 0, 1, 0, 1, 0, 0, 42919
268, Sweden, HAPPINESS_RECOVERY, 1, 1, 0, 0, 0, 0, 0, 0, 0, 1, 1, 0, 1, 1, 1, 1, PRODUCTION, 10, 1, 133, -6, 841, -3717, 735, 366, 1168, 0, 1, 1, 2, 0, 0, 0, 1, 66, 2, 0, 0, 0, 1, 0, 1, 0, 0, 4567
269, Sweden, HAPPINESS_RECOVERY, 1, 1, 0, 0, 0, 0, 0, 0, 0, 1, 1, 0, 1, 1, 1, 1, PRODUCTION, 10, 1, 133, -6, 736, -3217, 738, 364, 1159, 0, 1, 1, 2, 0, 0, 0, 1, 67, 2, 0, 0, 0, 1, 0, 1, 0, 0, 4828
270, Sweden, HAPPINESS_RECOVERY, 1, 1, 0, 0, 0, 0, 0, 0, 0, 1, 1, 0, 2, 1, 1, 1, PRODUCTION, 10, 1, 133, -4, 737, -3037, 739, 363, 1137, 0, 1, 1, 2, 0, 0, 0, 1, 68, 2, 0, 0, 0, 1, 0, 1, 0, 0, 7010
271, Sweden, BALANCED, 1, 0, 0, 0, 0, 0, 0, 0, 0, 1, 1, 0, 2, 1, 1, 0, PRODUCTION, 10, 1, 133, 0, 717, 915, 834, 365, 1151, 0, 1, 1, 2, 0, 0, 0, 1, 69, 2, 0, 0, 0, 1, 0, 1, 0, 0, 11916
272, Sweden, BALANCED, 1, 0, 0, 0, 0, 0, 0, 0, 0, 1, 1, 0, 2, 1, 1, 0, PRODUCTION, 10, 1, 133, 0, 738, 2015, 834, 374, 1249, 0, 1, 1, 2, 0, 0, 0, 1, 70, 2, 0, 0, 0, 1, 0, 1, 1, 0, 7942
273, Sweden, BALANCED, 1, 0, 0, 0, 0, 0, 0, 0, 0, 1, 1, 0, 1, 1, 1, 0, PRODUCTION, 10, 1, 133, 0, 798, 1865, 872, 374, 1208, 0, 1, 1, 2, 0, 0, 0, 1, 71, 2, 0, 0, 0, 1, 0, 1, 0, 0, 4206
274, Sweden, BALANCED, 1, 0, 0, 0, 0, 0, 0, 0, 0, 1, 1, 1, 2, 0, 1, 0, PRODUCTION, 10, 1, 133, 0, 560, 3065, 872, 370, 1190, 1, 1, 1, 2, 0, 0, 0, 1, 72, 2, 0, 0, 0, 1, 0, 1, 0, 0, 17409
275, Sweden, BALANCED, 1, 0, 0, 0, 0, 0, 0, 0, 0, 1, 1, 0, 1, 0, 1, 0, PRODUCTION, 10, 1, 133, 0, 583, 365, 900, 377, 1268, 1, 1, 1, 2, 0, 0, 0, 1, 73, 2, 0, 0, 0, 1, 0, 1, 0, 0, 4567
276, Sweden, HAPPINESS_RECOVERY, 1, 0, 0, 0, 0, 0, 0, 0, 0, 1, 1, 1, 2, 0, 1, 1, PRODUCTION, 10, 1, 134, -1, 595, 4040, 797, 378, 1253, 1, 1, 1, 2, 0, 0, 0, 1, 74, 2, 0, 0, 0, 1, 0, 1, 0, 0, 17409
277, Sweden, HAPPINESS_RECOVERY, 1, 1, 0, 0, 0, 0, 0, 0, 0, 1, 1, 0, 1, 0, 1, 1, PRODUCTION, 10, 1, 134, -1, 631, -1623, 807, 373, 1257, 1, 1, 1, 2, 0, 0, 0, 1, 75, 2, 0, 0, 0, 1, 0, 1, 0, 0, 4567
278, Sweden, BALANCED, 1, 0, 0, 0, 0, 0, 0, 0, 0, 1, 1, 0, 1, 0, 1, 0, PRODUCTION, 10, 1, 134, 0, 632, 3139, 901, 378, 1242, 1, 1, 1, 2, 0, 0, 0, 1, 76, 2, 0, 0, 0, 1, 0, 1, 0, 0, 4828
279, Sweden, BALANCED, 1, 0, 0, 0, 0, 0, 0, 0, 0, 1, 1, 0, 1, 0, 1, 0, PRODUCTION, 10, 1, 134, 0, 645, -310, 896, 383, 1332, 1, 1, 1, 2, 0, 0, 0, 1, 77, 2, 0, 0, 0, 1, 0, 1, 0, 0, 4567
280, Sweden, BALANCED, 1, 1, 0, 0, 0, 0, 0, 0, 0, 1, 1, 1, 3, 0, 1, 0, PRODUCTION, 10, 1, 134, 1, 636, -1438, 909, 388, 1451, 1, 1, 1, 2, 0, 0, 0, 1, 78, 2, 0, 0, 0, 1, 0, 1, 0, 0, 61273
281, Sweden, BALANCED, 1, 0, 1, 0, 0, 0, 0, 0, 0, 1, 1, 0, 1, 0, 1, 0, PRODUCTION, 10, 1, 134, 1, 105, -4586, 908, 380, 1305, 1, 1, 1, 2, 0, 0, 0, 1, 79, 2, 0, 0, 0, 1, 0, 1, 0, 0, 4206
282, Sweden, HAPPINESS_RECOVERY, 1, 1, 0, 0, 0, 0, 0, 0, 0, 1, 1, 1, 2, 0, 1, 1, PRODUCTION, 10, 1, 134, -3, 589, -7168, 826, 382, 1302, 1, 1, 1, 2, 0, 0, 0, 1, 80, 1, 0, 0, 0, 1, 0, 1, 0, 0, 7942
283, Sweden, MILITARY, 1, 1, 0, 0, 0, 0, 0, 0, 0, 1, 1, 1, 2, 0, 1, 0, PRODUCTION, 10, 1, 134, -3, 593, -8223, 826, 387, 1437, 1, 1, 1, 2, 0, 0, 0, 1, 81, 1, 0, 0, 0, 1, 0, 1, 0, 0, 11916
284, Sweden, BALANCED, 0, 1, 0, 0, 0, 0, 0, 0, 0, 1, 1, 0, 1, 0, 1, 0, GOLD_GROWTH, 10, 1, 134, 17, 521, -7789, 920, 392, 1517, 1, 1, 1, 2, 0, 0, 0, 1, 82, 1, 0, 0, 0, 1, 0, 1, 0, 0, 4567
285, Sweden, DEVELOPMENT, 0, 0, 0, 0, 0, 0, 0, 0, 0, 1, 1, 0, 1, 0, 0, 0, PROD_GROWTH, 10, 1, 134, 17, 494, 4965, 984, 388, 1419, 1, 1, 1, 2, 0, 0, 0, 1, 83, 2, 0, 0, 0, 1, 0, 0, 0, 0, 0
286, Sweden, DEVELOPMENT, 0, 0, 0, 0, 0, 0, 0, 0, 0, 1, 1, 1, 3, 0, 0, 0, PROD_GROWTH, 10, 1, 135, 16, 496, -565, 1216, 400, 1671, 1, 1, 1, 2, 0, 0, 0, 1, 84, 2, 0, 0, 0, 1, 0, 1, 0, 0, 61273
287, Sweden, BALANCED, 0, 1, 0, 0, 0, 0, 0, 0, 0, 1, 1, 0, 1, 0, 1, 0, GOLD_GROWTH, 10, 1, 135, 16, 486, -2239, 1227, 402, 1731, 1, 1, 1, 2, 0, 0, 0, 1, 85, 2, 0, 0, 0, 1, 0, 0, 0, 0, 0
288, Sweden, DEVELOPMENT, 0, 0, 0, 0, 0, 0, 0, 0, 0, 1, 1, 0, 1, 0, 0, 0, PROD_GROWTH, 10, 1, 136, 16, 267, 8661, 996, 398, 1634, 1, 1, 1, 2, 0, 0, 0, 1, 86, 2, 0, 0, 0, 1, 0, 0, 0, 0, 0
289, Sweden, BALANCED, 0, 1, 0, 0, 0, 0, 0, 0, 0, 1, 1, 0, 1, 0, 1, 0, GOLD_GROWTH, 10, 1, 136, 17, 303, -1594, 1218, 405, 2103, 1, 1, 1, 2, 0, 0, 0, 1, 87, 2, 0, 0, 0, 1, 0, 0, 0, 0, 0
290, Sweden, DEVELOPMENT, 0, 0, 0, 0, 0, 0, 0, 0, 0, 1, 1, 0, 1, 0, 0, 0, PROD_GROWTH, 10, 1, 136, 17, 341, 8661, 996, 408, 2227, 1, 1, 1, 2, 0, 0, 0, 1, 88, 2, 0, 0, 0, 1, 0, 1, 0, 0, 4206
291, Sweden, DEVELOPMENT, 0, 0, 1, 0, 0, 0, 0, 0, 0, 1, 1, 1, 2, 0, 0, 0, PROD_GROWTH, 10, 1, 136, 17, 291, -10394, 1222, 409, 2104, 1, 1, 1, 2, 0, 0, 0, 1, 89, 2, 0, 0, 0, 1, 0, 1, 0, 0, 11566
292, Sweden, MILITARY, 0, 0, 1, 0, 0, 0, 0, 0, 0, 1, 1, 1, 2, 0, 0, 0, PROD_GROWTH, 10, 1, 137, 17, 205, -9056, 1226, 407, 2030, 1, 1, 1, 2, 0, 0, 0, 1, 90, 2, 0, 0, 0, 1, 0, 1, 0, 0, 9345
293, Sweden, TREASURY_RECOVERY, 0, 0, 1, 0, 0, 0, 0, 0, 0, 1, 1, 0, 1, 0, 1, 0, GOLD, 10, 1, 137, 17, 121, -10306, 1221, 408, 2055, 1, 1, 1, 2, 0, 0, 0, 1, 91, 2, 0, 0, 0, 1, 0, 0, 1, 0, 0
294, Sweden, TREASURY_RECOVERY, 0, 0, 1, 0, 0, 0, 0, 0, 0, 1, 1, 1, 3, 0, 1, 0, GOLD, 10, 1, 138, 16, 71, -2432, 1056, 403, 1772, 1, 1, 1, 2, 0, 0, 0, 1, 92, 2, 0, 0, 0, 1, 0, 1, 0, 0, 49223
295, Sweden, MILITARY, 0, 0, 1, 0, 0, 0, 0, 0, 0, 1, 1, 1, 2, 0, 0, 0, PROD_GROWTH, 10, 1, 138, 16, 38, -3232, 1056, 395, 1758, 1, 1, 1, 2, 0, 0, 0, 1, 93, 2, 0, 0, 0, 1, 0, 1, 0, 0, 11566
296, Sweden, MILITARY, 0, 0, 1, 0, 0, 0, 0, 0, 0, 1, 1, 1, 2, 0, 0, 0, PROD_GROWTH, 10, 1, 138, 16, 71, -10818, 1195, 400, 1778, 1, 2, 0, 2, 0, 0, 0, 1, 94, 2, 0, 0, 0, 1, 0, 1, 0, 0, 9345
297, Sweden, TREASURY_RECOVERY, 0, 0, 1, 0, 0, 0, 0, 0, 0, 1, 1, 0, 1, 0, 1, 0, GOLD, 10, 1, 138, 16, 62, -11818, 1176, 397, 1780, 1, 2, 0, 2, 0, 0, 0, 1, 95, 2, 0, 0, 0, 1, 0, 0, 0, 0, 0
298, Sweden, TREASURY_RECOVERY, 0, 0, 1, 0, 0, 0, 0, 0, 0, 1, 1, 1, 3, 0, 1, 0, GOLD, 10, 1, 138, 16, 17, -2471, 1056, 391, 1631, 1, 1, 1, 2, 0, 0, 0, 1, 96, 2, 0, 0, 0, 1, 0, 1, 0, 0, 45017
299, Sweden, MILITARY, 0, 0, 1, 0, 0, 0, 0, 0, 0, 1, 1, 1, 3, 0, 0, 0, PROD_GROWTH, 10, 1, 138, 21, 15, -4471, 1040, 388, 1532, 1, 1, 1, 2, 0, 0, 0, 1, 97, 2, 0, 0, 0, 1, 0, 1, 0, 0, 68777
300, Sweden, MILITARY, 0, 0, 1, 0, 0, 0, 0, 0, 0, 1, 1, 1, 3, 0, 0, 0, PROD_GROWTH, 10, 1, 138, 21, 0, -11314, 1127, 382, 1359, 1, 1, 1, 2, 0, 0, 0, 1, 98, 2, 0, 0, 0, 1, 0, 1, 0, 0, 61273
301, Sweden, MILITARY, 0, 0, 1, 0, 0, 0, 0, 0, 0, 1, 1, 1, 3, 0, 0, 0, PROD_GROWTH, 10, 1, 138, 21, 0, -11757, 1122, 381, 1448, 1, 1, 1, 2, 0, 0, 0, 1, 99, 2, 0, 0, 0, 1, 0, 1, 0, 0, 48769
302, Sweden, MILITARY, 0, 0, 1, 0, 0, 0, 0, 0, 0, 1, 1, 1, 3, 0, 0, 0, PROD_GROWTH, 10, 1, 137, 22, 62, -12995, 1169, 388, 1558, 1, 1, 1, 2, 0, 0, 0, 1, 100, 2, 0, 0, 0, 1, 0, 1, 0, 0, 45017
303, Sweden, TREASURY_RECOVERY, 0, 0, 1, 0, 0, 0, 0, 0, 0, 1, 1, 0, 1, 0, 1, 0, GOLD, 10, 1, 137, 18, 0, -13395, 1103, 376, 1239, 1, 1, 1, 2, 0, 0, 0, 1, 101, 2, 0, 0, 0, 1, 0, 0, 0, 0, 0
304, Sweden, TREASURY_RECOVERY, 0, 0, 1, 0, 0, 0, 0, 0, 0, 1, 1, 1, 3, 0, 1, 0, GOLD, 10, 1, 137, 18, 62, -4575, 1062, 378, 1225, 1, 1, 1, 2, 0, 0, 0, 1, 102, 2, 0, 0, 0, 1, 0, 1, 0, 0, 65026
305, Sweden, MILITARY, 0, 0, 1, 0, 0, 0, 0, 0, 0, 1, 1, 1, 3, 0, 0, 0, PROD_GROWTH, 10, 1, 138, 17, 21, -4436, 1044, 381, 1278, 1, 1, 1, 2, 0, 0, 0, 1, 103, 2, 0, 0, 0, 1, 0, 1, 0, 0, 48769
306, Sweden, MILITARY, 0, 0, 1, 0, 0, 0, 0, 0, 0, 1, 1, 1, 3, 0, 0, 0, PROD_GROWTH, 10, 1, 138, 17, 0, -13780, 1117, 373, 1217, 1, 1, 1, 2, 0, 0, 0, 1, 104, 2, 0, 0, 0, 1, 0, 1, 0, 0, 45017
307, Sweden, MILITARY, 0, 0, 1, 0, 0, 0, 0, 0, 0, 1, 1, 1, 2, 0, 0, 0, PROD_GROWTH, 10, 1, 138, 17, 0, -14380, 1111, 380, 1353, 1, 1, 1, 2, 0, 0, 0, 1, 105, 2, 0, 0, 0, 1, 0, 1, 0, 0, 9228
308, Sweden, MILITARY, 0, 0, 1, 0, 0, 0, 0, 0, 0, 1, 1, 1, 3, 0, 0, 0, PROD_GROWTH, 10, 1, 139, 16, 0, -15042, 1110, 380, 1503, 1, 1, 1, 2, 0, 0, 0, 1, 106, 2, 0, 0, 0, 1, 0, 1, 0, 0, 65026
309, Sweden, MILITARY, 0, 0, 1, 0, 0, 0, 0, 0, 0, 1, 1, 1, 3, 0, 0, 0, PROD_GROWTH, 10, 1, 141, 14, 0, -2294, 1143, 381, 1533, 1, 1, 1, 2, 0, 0, 0, 1, 107, 1, 0, 0, 0, 1, 0, 1, 0, 0, 48769
310, Sweden, MILITARY, 0, 0, 1, 0, 0, 0, 0, 0, 0, 1, 1, 1, 3, 0, 0, 0, PROD_GROWTH, 10, 1, 141, 14, 0, -3498, 1131, 382, 1868, 1, 2, 1, 3, 0, 0, 0, 1, 108, 1, 0, 0, 0, 1, 0, 1, 4, 0, 45017
311, Sweden, MILITARY, 0, 0, 1, 0, 0, 0, 0, 0, 0, 1, 1, 1, 3, 0, 0, 0, PROD_GROWTH, 10, 1, 141, 15, 0, -4298, 1198, 389, 2054, 1, 2, 1, 3, 0, 0, 0, 1, 109, 1, 0, 0, 0, 1, 0, 1, 47, 0, 68776
312, Sweden, MILITARY, 0, 0, 1, 0, 0, 0, 0, 0, 0, 1, 1, 1, 3, 0, 0, 0, PROD_GROWTH, 10, 1, 141, 15, 0, -4723, 1173, 382, 1949, 1, 2, 1, 3, 0, 0, 0, 1, 110, 1, 0, 0, 0, 1, 0, 1, 46, 0, 113795
313, Sweden, MILITARY, 0, 0, 1, 0, 0, 0, 0, 0, 0, 1, 1, 1, 2, 0, 0, 0, PROD_GROWTH, 10, 1, 141, 15, 0, -5400, 1169, 387, 2131, 1, 2, 0, 3, 0, 0, 0, 1, 111, 1, 0, 0, 0, 1, 0, 1, 46, 0, 16941
314, Sweden, MILITARY, 0, 0, 1, 0, 0, 0, 0, 0, 0, 1, 1, 1, 3, 0, 0, 0, PROD_GROWTH, 10, 1, 141, 30, 0, -5850, 1196, 390, 2153, 1, 2, 0, 3, 0, 0, 0, 1, 112, 1, 0, 0, 0, 1, 0, 1, 46, 0, 45017
315, Sweden, MILITARY, 0, 0, 0, 0, 0, 0, 0, 0, 0, 1, 1, 1, 3, 0, 0, 0, PROD_GROWTH, 10, 1, 151, 34, 0, 444, 1348, 380, 1848, 1, 2, 0, 3, 0, 0, 0, 1, 113, 1, 0, 0, 0, 1, 0, 1, 46, 0, 112545
316, Sweden, DEVELOPMENT, 0, 0, 0, 0, 0, 0, 0, 0, 0, 1, 1, 0, 2, 1, 0, 0, PROD_GROWTH, 11, 2, 170, 27, 345, 2314, 1421, 323, 1816, 0, 2, 0, 2, 0, 0, 0, 1, 114, 2, 0, 0, 0, 1, 0, 1, 57, 0, 108220
317, Sweden, BALANCED, 0, 1, 0, 0, 0, 0, 0, 0, 0, 1, 1, 0, 2, 1, 1, 0, GOLD_GROWTH, 11, 2, 170, 27, 324, -4219, 1424, 322, 2872, 0, 0, 1, 1, 0, 0, 0, 1, 115, 2, 0, 0, 0, 1, 0, 1, 57, 1, 65858
318, Sweden, BALANCED, 0, 1, 0, 0, 0, 0, 0, 0, 0, 1, 1, 0, 2, 1, 1, 0, GOLD_GROWTH, 11, 2, 170, 27, 375, -3067, 1246, 325, 1734, 0, 0, 2, 2, 0, 0, 0, 1, 116, 2, 0, 0, 0, 1, 0, 1, 57, 1, 95442
319, Sweden, BALANCED, 0, 1, 0, 0, 0, 0, 0, 0, 0, 1, 1, 0, 2, 1, 1, 0, GOLD_GROWTH, 11, 2, 170, 27, 453, -1567, 1245, 328, 1679, 0, 0, 2, 2, 0, 0, 0, 1, 117, 2, 0, 0, 0, 1, 0, 1, 58, 1, 112116
320, Sweden, BALANCED, 0, 1, 0, 0, 0, 0, 0, 0, 0, 1, 1, 0, 2, 1, 1, 0, GOLD_GROWTH, 11, 2, 170, 27, 567, -6939, 1244, 330, 1598, 0, 0, 2, 2, 0, 0, 0, 1, 118, 2, 0, 0, 0, 1, 0, 1, 57, 1, 95450
321, Sweden, DEVELOPMENT, 0, 0, 1, 0, 0, 0, 0, 0, 0, 1, 1, 0, 2, 1, 0, 0, PROD_GROWTH, 11, 2, 170, 27, 119, -4439, 1240, 322, 1485, 0, 0, 2, 2, 0, 0, 0, 1, 119, 1, 0, 0, 0, 1, 0, 1, 58, 1, 112116
322, Sweden, DEVELOPMENT, 0, 0, 0, 0, 0, 0, 0, 0, 0, 1, 1, 0, 2, 1, 0, 0, PROD_GROWTH, 11, 2, 170, 10, 160, 2765, 1339, 318, 1471, 0, 0, 2, 2, 0, 0, 0, 1, 120, 1, 0, 0, 0, 1, 0, 1, 57, 1, 162563
323, Sweden, DEVELOPMENT, 0, 0, 0, 0, 0, 0, 0, 0, 0, 1, 1, 0, 2, 1, 0, 0, PROD_GROWTH, 11, 2, 170, 10, 313, 6694, 1479, 321, 1551, 0, 0, 2, 2, 0, 0, 0, 1, 121, 2, 0, 0, 0, 1, 0, 1, 57, 1, 65026
324, Sweden, DEVELOPMENT, 0, 0, 0, 0, 0, 0, 0, 0, 0, 1, 1, 0, 2, 1, 0, 0, PROD_GROWTH, 11, 2, 171, 27, 445, 3857, 1506, 318, 1490, 0, 0, 2, 2, 0, 0, 0, 1, 122, 2, 0, 0, 0, 1, 0, 1, 58, 1, 48769
325, Sweden, DEVELOPMENT, 0, 0, 0, 0, 0, 0, 0, 0, 0, 1, 1, 0, 2, 1, 0, 0, PROD_GROWTH, 11, 2, 171, 28, 551, 5229, 1567, 316, 1467, 0, 0, 2, 2, 0, 0, 0, 1, 123, 2, 0, 0, 0, 1, 0, 1, 60, 1, 99140
326, Sweden, DEVELOPMENT, 0, 0, 1, 0, 0, 0, 0, 0, 0, 1, 1, 1, 3, 0, 0, 0, PROD_GROWTH, 11, 2, 171, 28, 44, -1733, 1545, 307, 1311, 2, 0, 2, 2, 0, 0, 0, 1, 124, 2, 0, 0, 0, 1, 0, 1, 59, 1, 218436
327, Sweden, MILITARY, 0, 0, 1, 0, 0, 0, 0, 0, 0, 1, 1, 1, 3, 0, 0, 0, PROD_GROWTH, 11, 2, 171, 28, 84, -8227, 1522, 306, 1284, 6, 0, 2, 2, 0, 0, 0, 1, 125, 2, 0, 0, 0, 1, 0, 1, 43, 1, 262456
328, Sweden, MILITARY, 0, 0, 1, 1, 1, 0, 0, 0, 0, 1, 1, 1, 3, 0, 0, 0, PROD_GROWTH, 12, 3, 178, 27, 185, -19902, 1514, 306, 1268, 5, 0, 2, 2, 0, 0, 0, 1, 126, 2, 0, 0, 0, 1, 0, 1, 42, 1, 322748
329, Sweden, MILITARY, 0, 0, 1, 1, 1, 0, 0, 0, 0, 1, 1, 1, 3, 0, 0, 0, PROD_GROWTH, 12, 3, 178, 27, 0, -23202, 1295, 301, 1197, 5, 0, 2, 2, 0, 0, 0, 1, 127, 2, 0, 0, 0, 1, 0, 1, 43, 1, 68777
330, Sweden, MILITARY, 0, 0, 1, 0, 0, 0, 0, 0, 0, 1, 1, 1, 3, 0, 0, 0, PROD_GROWTH, 12, 2, 178, 18, 0, -15124, 1461, 301, 1240, 4, 0, 2, 2, 0, 0, 0, 1, 128, 2, 0, 0, 0, 1, 0, 1, 43, 1, 110042
