Turn, Player, Primary, LowHappiness, LowGold, GoldCritical, ExpansionTargetAvailable, ExpansionRoomAvailable, CanConsiderExpansion, EarlyExpansionPhase, RecentExpansion, StrongExpansionWindow, BoxedIn, NearbyThreat, MilitaryProductionUrgent, MilitaryThreatSeverity, CoastalOpportunity, CityFocusLocked, ForceAvoidGrowth, CityFocus, Cities, Puppets, Population, ExcessHappiness, Gold, GPTx100, Science, MilitaryPctWorld, MilitaryPctRelevant, AtWarCount, HostileMajors, WarApproachMajors, RelevantMajors, LandDisputeMajors, StrongLandDisputeMajors, MajorMilitaryThreatCivs, IsCramped, TurnsSinceSettledLastCity, BestSettleAreaCount, UniqueLuxurySettleSiteCount, SettlersOnMap, EconomicEnoughExpansion, HasCoastalCity, BarbarianThreat, GeneralThreat, BarbarianThreatTotal, HighestThreat, MostThreatenedCityThreat, ActiveGrandStrategy
000, Sweden, DEVELOPMENT, 0, 0, 0, 0, 0, 1, 1, 0, 0, 0, 0, 0, 0, 0, 0, 0, PROD_GROWTH, 0, 0, 0, 15, 0, 0, 0, 100, 100, 0, 0, 0, 0, 0, 0, 0, 0, -1, 0, 0, 0, 1, 0, 0, 0, 0, 0, 0
001, Sweden, EXPANSION, 0, 0, 0, 1, 1, 1, 1, 1, 1, 0, 0, 0, 0, 0, 0, 0, PROD_GROWTH, 1, 0, 1, 12, 0, 500, 4, 100, 100, 0, 0, 0, 0, 0, 0, 0, 0, 1, 1, 3, 0, 0, 0, 0, 0, 0, 0, 0
002, Sweden, EXPANSION, 0, 0, 0, 1, 1, 1, 1, 1, 1, 0, 0, 0, 0, 0, 0, 0, PROD_GROWTH, 1, 0, 1, 14, 5, 500, 4, 100, 100, 0, 0, 0, 0, 0, 0, 0, 0, 2, 1, 9, 0, 0, 0, 0, 0, 15, 0, 0
003, Sweden, EXPANSION, 0, 0, 0, 1, 1, 1, 1, 1, 1, 0, 0, 0, 0, 0, 0, 0, PROD_GROWTH, 1, 0, 1, 14, 10, 500, 4, 100, 100, 0, 0, 0, 0, 0, 0, 0, 0, 3, 1, 14, 0, 0, 0, 0, 0, 15, 0, 0
004, Sweden, EXPANSION, 0, 0, 0, 1, 1, 1, 1, 1, 1, 0, 0, 0, 0, 0, 0, 0, PROD_GROWTH, 1, 0, 1, 14, 15, 500, 4, 100, 100, 0, 0, 0, 0, 0, 0, 0, 0, 4, 1, 18, 0, 0, 0, 0, 0, 15, 0, 0
005, Sweden, EXPANSION, 0, 0, 0, 1, 1, 1, 1, 1, 1, 0, 0, 0, 0, 0, 0, 0, PROD_GROWTH, 1, 0, 1, 14, 20, 500, 4, 100, 100, 0, 0, 0, 0, 0, 0, 0, 0, 5, 1, 18, 0, 0, 0, 0, 0, 15, 0, 0
006, Sweden, EXPANSION, 0, 0, 0, 1, 1, 1, 1, 1, 1, 0, 0, 0, 0, 0, 0, 0, PROD_GROWTH, 1, 0, 2, 13, 25, 500, 5, 100, 100, 0, 0, 0, 0, 0, 0, 0, 0, 6, 1, 21, 0, 0, 0, 0, 0, 15, 0, 0
007, Sweden, EXPANSION, 0, 0, 0, 1, 1, 1, 1, 1, 1, 0, 0, 0, 0, 0, 0, 0, PROD_GROWTH, 1, 0, 2, 13, 30, 500, 5, 100, 100, 0, 0, 0, 0, 0, 0, 0, 0, 7, 1, 21, 0, 0, 0, 0, 0, 15, 0, 0
008, Sweden, EXPANSION, 0, 0, 0, 1, 1, 1, 1, 1, 1, 0, 0, 0, 0, 0, 0, 0, PROD_GROWTH, 1, 0, 2, 13, 35, 400, 5, 100, 100, 0, 0, 0, 0, 0, 0, 0, 0, 8, 1, 21, 0, 0, 0, 0, 0, 15, 0, 0
009, Sweden, EXPANSION, 0, 0, 0, 1, 1, 1, 1, 1, 1, 0, 0, 0, 0, 0, 0, 0, PROD_GROWTH, 1, 0, 2, 13, 39, 400, 5, 135, 100, 0, 0, 0, 0, 0, 0, 0, 0, 9, 1, 20, 0, 0, 0, 0, 0, 30, 0, 0
010, Sweden, EXPANSION, 0, 0, 0, 1, 1, 1, 1, 1, 1, 0, 0, 0, 0, 0, 0, 0, PROD_GROWTH, 1, 0, 2, 13, 43, 400, 5, 154, 100, 0, 0, 0, 0, 0, 0, 0, 0, 10, 1, 20, 0, 0, 0, 0, 0, 30, 0, 0
011, Sweden, EXPANSION, 0, 0, 0, 1, 1, 1, 1, 1, 1, 0, 0, 0, 1, 0, 0, 0, PROD_GROWTH, 1, 0, 2, 13, 47, 400, 5, 154, 100, 0, 0, 0, 0, 0, 0, 0, 0, 11, 1, 18, 0, 0, 0, 0, 1, 30, 0, 1093
012, Sweden, EXPANSION, 0, 0, 0, 1, 1, 1, 1, 1, 1, 0, 0, 0, 0, 0, 0, 0, PROD_GROWTH, 1, 0, 2, 13, 53, 600, 5, 168, 100, 0, 0, 0, 0, 0, 0, 0, 0, 12, 1, 19, 1, 1, 0, 0, 0, 30, 0, 0
013, Sweden, EXPANSION, 0, 0, 0, 1, 1, 1, 1, 1, 1, 0, 0, 0, 1, 0, 0, 0, PROD_GROWTH, 1, 0, 2, 13, 29, 600, 5, 170, 100, 0, 0, 0, 0, 0, 0, 0, 0, 13, 1, 20, 1, 1, 0, 0, 1, 30, 0, 445
014, Sweden, EXPANSION, 0, 0, 0, 1, 1, 1, 1, 1, 1, 0, 0, 0, 1, 0, 0, 0, PROD_GROWTH, 1, 0, 2, 13, 35, 600, 5, 163, 100, 0, 0, 0, 0, 0, 0, 0, 0, 14, 1, 23, 1, 1, 0, 0, 1, 30, 0, 13740
015, Sweden, EXPANSION, 0, 0, 0, 1, 1, 1, 1, 1, 1, 0, 0, 0, 1, 0, 0, 0, PROD_GROWTH, 1, 0, 2, 13, 41, 600, 5, 151, 100, 0, 0, 0, 0, 0, 0, 0, 0, 15, 1, 24, 1, 1, 0, 0, 1, 30, 0, 12968
016, Sweden, EXPANSION, 0, 0, 0, 1, 1, 1, 1, 1, 1, 0, 0, 0, 0, 0, 0, 0, PROD_GROWTH, 1, 0, 2, 13, 47, 600, 5, 171, 100, 0, 0, 0, 0, 0, 0, 0, 0, 16, 1, 25, 1, 1, 0, 0, 0, 45, 0, 0
017, Sweden, MILITARY, 0, 0, 0, 1, 1, 1, 1, 1, 1, 0, 1, 1, 2, 0, 0, 0, PROD_GROWTH, 1, 0, 2, 13, 53, 600, 5, 171, 100, 0, 0, 0, 0, 0, 0, 0, 0, 17, 1, 25, 1, 1, 0, 1, 1, 46, 0, 8410
018, Sweden, MILITARY, 0, 0, 0, 1, 1, 1, 1, 1, 1, 0, 1, 1, 3, 0, 0, 0, PROD_GROWTH, 1, 0, 2, 13, 59, 600, 5, 175, 100, 0, 0, 0, 0, 0, 0, 0, 0, 18, 1, 24, 1, 1, 0, 1, 1, 46, 0, 28433
019, Sweden, MILITARY, 0, 0, 0, 1, 1, 1, 1, 1, 1, 0, 1, 1, 2, 0, 0, 0, PROD_GROWTH, 1, 0, 2, 13, 65, 600, 5, 175, 100, 0, 0, 0, 0, 0, 0, 0, 0, 19, 1, 24, 0, 0, 0, 1, 1, 46, 0, 19622
020, Sweden, MILITARY, 0, 0, 0, 1, 1, 1, 1, 1, 1, 0, 1, 1, 2, 0, 0, 0, PROD_GROWTH, 1, 0, 2, 13, 71, 600, 5, 175, 100, 0, 0, 0, 0, 0, 0, 0, 0, 20, 1, 24, 0, 0, 0, 1, 1, 46, 0, 19221
021, Sweden, MILITARY, 0, 0, 0, 1, 1, 1, 1, 1, 1, 0, 1, 1, 2, 0, 0, 0, PROD_GROWTH, 1, 0, 2, 13, 77, 600, 5, 167, 100, 0, 0, 0, 0, 0, 0, 0, 0, 21, 1, 26, 0, 0, 0, 1, 1, 46, 0, 21223
022, Sweden, MILITARY, 0, 0, 0, 1, 1, 1, 1, 1, 1, 0, 1, 1, 3, 0, 0, 0, PROD_GROWTH, 1, 0, 2, 13, 83, 600, 5, 168, 100, 0, 0, 0, 0, 0, 0, 0, 0, 22, 1, 27, 0, 0, 0, 1, 1, 46, 0, 25134
023, Sweden, MILITARY, 0, 0, 0, 1, 1, 1, 1, 1, 1, 0, 1, 1, 2, 0, 0, 0, PROD_GROWTH, 1, 0, 2, 13, 89, 500, 5, 196, 100, 0, 0, 0, 0, 0, 0, 0, 0, 23, 1, 27, 0, 0, 0, 1, 1, 46, 0, 21376
024, Sweden, EXPANSION, 0, 0, 0, 1, 1, 1, 1, 1, 1, 0, 0, 0, 1, 0, 0, 0, PROD_GROWTH, 1, 0, 3, 12, 96, 700, 6, 196, 100, 0, 0, 0, 0, 0, 0, 0, 0, 24, 1, 27, 0, 0, 0, 0, 1, 45, 0, 29688
025, Sweden, EXPANSION, 0, 0, 0, 1, 1, 1, 1, 1, 1, 0, 0, 0, 1, 0, 0, 0, PROD_GROWTH, 1, 0, 3, 12, 118, 700, 6, 161, 100, 0, 0, 0, 0, 0, 0, 0, 0, 25, 1, 27, 0, 0, 0, 0, 1, 45, 0, 12814
026, Sweden, EXPANSION, 0, 0, 0, 1, 1, 1, 1, 0, 1, 0, 0, 0, 1, 0, 0, 0, PROD_GROWTH, 1, 0, 3, 12, 128, 1000, 6, 163, 100, 0, 0, 0, 0, 0, 0, 0, 0, 26, 1, 27, 0, 0, 0, 0, 1, 45, 0, 11612
027, Sweden, MILITARY, 0, 0, 0, 1, 1, 1, 1, 0, 1, 0, 1, 1, 2, 0, 0, 0, PROD_GROWTH, 1, 0, 3, 12, 149, 500, 6, 170, 100, 0, 0, 0, 0, 0, 0, 0, 0, 27, 1, 27, 1, 1, 0, 1, 1, 61, 0, 9315
028, Sweden, MILITARY, 0, 0, 0, 1, 1, 1, 1, 0, 1, 0, 1, 1, 2, 0, 0, 0, PROD_GROWTH, 1, 0, 3, 12, 157, 800, 6, 166, 100, 0, 0, 0, 0, 0, 0, 0, 0, 28, 1, 27, 1, 1, 0, 1, 1, 62, 0, 20684
029, Sweden, MILITARY, 0, 0, 0, 1, 1, 1, 1, 0, 1, 0, 1, 1, 3, 0, 0, 0, PROD_GROWTH, 1, 0, 3, 12, 165, 800, 6, 137, 100, 0, 0, 0, 0, 0, 0, 0, 0, 29, 1, 27, 1, 1, 0, 1, 1, 61, 0, 34993
030, Sweden, EXPANSION, 0, 0, 0, 1, 1, 1, 1, 0, 1, 0, 0, 0, 1, 0, 0, 0, PROD_GROWTH, 1, 0, 3, 12, 102, 700, 6, 160, 100, 0, 0, 0, 0, 0, 0, 0, 0, 30, 1, 27, 1, 1, 0, 0, 1, 60, 0, 19974
031, Sweden, EXPANSION, 0, 0, 0, 1, 1, 1, 1, 0, 1, 0, 0, 0, 1, 0, 0, 0, PROD_GROWTH, 1, 0, 3, 12, 109, 700, 6, 161, 100, 0, 0, 0, 0, 0, 0, 0, 0, 31, 1, 27, 1, 1, 0, 0, 1, 61, 0, 7360
032, Sweden, EXPANSION, 0, 0, 0, 1, 1, 1, 1, 0, 1, 0, 0, 0, 1, 0, 0, 0, PROD_GROWTH, 1, 0, 3, 12, 115, 600, 6, 144, 100, 0, 0, 0, 0, 0, 0, 0, 0, 32, 1, 27, 1, 1, 0, 0, 1, 61, 0, 17239
033, Sweden, EXPANSION, 0, 0, 0, 1, 1, 1, 1, 0, 1, 0, 0, 0, 1, 0, 0, 0, PROD_GROWTH, 1, 0, 3, 12, 121, 600, 6, 145, 100, 0, 0, 0, 0, 0, 0, 0, 0, 33, 1, 27, 1, 1, 0, 0, 1, 61, 0, 7360
034, Sweden, EXPANSION, 0, 0, 0, 1, 1, 1, 1, 0, 1, 0, 0, 0, 1, 0, 0, 0, PROD_GROWTH, 1, 0, 3, 12, 124, 300, 6, 142, 100, 0, 0, 0, 0, 0, 0, 0, 0, 34, 1, 27, 1, 1, 0, 0, 1, 61, 0, 7360
035, Sweden, EXPANSION, 0, 0, 0, 1, 1, 1, 1, 0, 1, 0, 0, 0, 1, 0, 0, 0, PROD_GROWTH, 1, 0, 3, 12, 143, 400, 6, 121, 100, 0, 0, 0, 0, 0, 0, 0, 0, 35, 1, 27, 1, 1, 0, 0, 1, 60, 0, 7360
036, Sweden, EXPANSION, 0, 0, 0, 1, 1, 1, 1, 0, 1, 0, 0, 0, 0, 0, 0, 0, PROD_GROWTH, 1, 0, 3, 12, 147, 300, 6, 125, 100, 0, 0, 0, 0, 0, 0, 0, 0, 36, 1, 25, 1, 1, 0, 0, 0, 61, 1, 0
037, Sweden, EXPANSION, 0, 0, 0, 1, 1, 1, 1, 0, 1, 0, 0, 0, 0, 0, 0, 0, PROD_GROWTH, 1, 0, 3, 12, 10, 300, 6, 134, 100, 0, 0, 0, 0, 0, 0, 0, 0, 37, 1, 25, 1, 1, 0, 0, 0, 60, 1, 0
038, Sweden, MILITARY, 0, 0, 0, 1, 1, 1, 1, 0, 1, 0, 1, 1, 2, 0, 0, 0, PROD_GROWTH, 1, 0, 3, 12, 13, 200, 6, 135, 100, 0, 0, 0, 0, 0, 0, 0, 0, 38, 1, 26, 1, 1, 0, 1, 0, 61, 0, 0
039, Sweden, MILITARY, 0, 0, 0, 1, 1, 1, 1, 1, 1, 0, 1, 1, 2, 1, 0, 0, PROD_GROWTH, 2, 0, 4, 8, 15, 400, 7, 135, 100, 0, 0, 0, 0, 0, 0, 0, 0, 1, 1, 13, 0, 0, 1, 1, 1, 61, 0, 10277
040, Sweden, MILITARY, 0, 0, 0, 1, 1, 1, 1, 1, 1, 0, 1, 1, 2, 1, 0, 0, PROD_GROWTH, 2, 0, 5, 8, 19, 300, 8, 123, 100, 0, 0, 0, 0, 0, 0, 1, 0, 2, 1, 51, 0, 0, 1, 1, 1, 61, 2, 14616
041, Sweden, MILITARY, 0, 0, 0, 1, 1, 1, 1, 1, 1, 0, 0, 1, 2, 1, 0, 0, PROD_GROWTH, 2, 0, 5, 8, 22, 300, 8, 122, 100, 0, 0, 0, 0, 0, 0, 1, 0, 3, 1, 51, 0, 0, 1, 0, 1, 76, 2, 14616
042, Sweden, MILITARY, 0, 0, 0, 1, 1, 1, 1, 1, 1, 0, 0, 1, 2, 1, 0, 0, PROD_GROWTH, 2, 0, 5, 8, 25, 300, 8, 123, 100, 0, 0, 0, 0, 0, 0, 1, 0, 4, 1, 51, 0, 0, 1, 0, 1, 76, 2, 5154
043, Sweden, MILITARY, 0, 0, 0, 1, 1, 1, 1, 1, 1, 0, 0, 1, 2, 1, 0, 0, PROD_GROWTH, 2, 0, 5, 8, 28, 300, 8, 124, 100, 0, 0, 0, 0, 0, 0, 1, 0, 5, 1, 51, 0, 0, 1, 0, 1, 76, 2, 9813
044, Sweden, MILITARY, 0, 0, 0, 1, 1, 1, 1, 1, 1, 0, 0, 1, 2, 1, 0, 0, PROD_GROWTH, 2, 0, 5, 8, 31, 300, 8, 123, 100, 0, 0, 0, 0, 0, 0, 1, 0, 6, 1, 51, 0, 0, 1, 0, 1, 76, 2, 5104
045, Sweden, MILITARY, 0, 0, 0, 1, 1, 1, 1, 1, 1, 0, 0, 1, 2, 1, 0, 0, PROD_GROWTH, 2, 0, 5, 8, 48, 200, 8, 123, 100, 0, 0, 0, 0, 0, 0, 1, 0, 7, 1, 51, 0, 0, 1, 0, 1, 60, 2, 9813
046, Sweden, EXPANSION, 0, 0, 0, 1, 1, 1, 1, 1, 1, 0, 0, 0, 1, 1, 0, 0, PROD_GROWTH, 2, 0, 5, 8, 52, 200, 8, 129, 100, 0, 0, 0, 0, 0, 0, 1, 0, 8, 1, 47, 0, 0, 1, 0, 0, 60, 2, 0
047, Sweden, EXPANSION, 0, 0, 0, 1, 1, 1, 1, 1, 1, 0, 0, 0, 1, 1, 0, 0, PROD_GROWTH, 2, 0, 5, 8, 54, 400, 8, 133, 100, 0, 0, 0, 0, 0, 0, 1, 0, 9, 1, 47, 0, 0, 1, 0, 0, 60, 2, 0
048, Sweden, EXPANSION, 0, 0, 0, 1, 1, 1, 1, 1, 1, 0, 0, 0, 1, 1, 0, 0, PROD_GROWTH, 2, 0, 5, 8, 58, 200, 8, 133, 100, 0, 0, 0, 0, 0, 0, 1, 0, 10, 1, 47, 0, 0, 1, 0, 0, 60, 2, 0
049, Sweden, EXPANSION, 0, 0, 0, 1, 1, 1, 1, 1, 1, 0, 0, 0, 1, 1, 0, 0, PROD_GROWTH, 2, 0, 6, 7, 26, 500, 9, 123, 100, 0, 0, 0, 0, 0, 0, 1, 0, 11, 1, 47, 0, 0, 1, 0, 0, 61, 2, 0
050, Sweden, EXPANSION, 0, 0, 0, 1, 1, 1, 1, 1, 1, 0, 0, 0, 1, 1, 0, 0, PROD_GROWTH, 2, 0, 6, 7, 31, 400, 9, 126, 100, 0, 0, 0, 0, 0, 0, 1, 0, 12, 1, 47, 0, 0, 1, 0, 1, 61, 2, 1602
051, Sweden, EXPANSION, 0, 0, 0, 1, 1, 1, 1, 1, 1, 0, 0, 0, 1, 1, 0, 0, PROD_GROWTH, 2, 0, 6, 7, 35, 500, 9, 129, 100, 0, 0, 0, 0, 0, 0, 1, 0, 13, 1, 3, 0, 0, 1, 0, 1, 64, 2, 1602
052, Sweden, EXPANSION, 0, 0, 0, 1, 1, 1, 1, 1, 1, 0, 0, 0, 1, 1, 0, 0, PROD_GROWTH, 2, 0, 6, 7, 55, 300, 9, 125, 100, 0, 0, 0, 0, 0, 0, 1, 0, 14, 1, 3, 0, 0, 1, 0, 1, 64, 2, 1602
053, Sweden, EXPANSION, 0, 0, 0, 1, 1, 1, 1, 1, 1, 0, 0, 0, 1, 1, 0, 0, PROD_GROWTH, 2, 0, 6, 7, 73, 400, 9, 118, 100, 0, 0, 0, 0, 0, 0, 1, 0, 15, 1, 2, 0, 0, 1, 0, 1, 64, 2, 1602
054, Sweden, EXPANSION, 0, 0, 0, 1, 1, 1, 1, 1, 1, 0, 0, 0, 1, 1, 0, 0, PROD_GROWTH, 2, 0, 6, 7, 93, 300, 9, 115, 100, 0, 0, 0, 0, 0, 0, 1, 0, 16, 1, 2, 0, 0, 1, 0, 1, 49, 2, 1202
055, Sweden, EXPANSION, 0, 0, 0, 1, 1, 1, 1, 1, 1, 0, 0, 0, 1, 1, 0, 0, PROD_GROWTH, 2, 0, 7, 6, 96, 400, 10, 118, 100, 0, 0, 0, 0, 0, 0, 1, 0, 17, 1, 2, 0, 0, 1, 0, 0, 48, 2, 0
056, Sweden, EXPANSION, 0, 0, 0, 1, 1, 1, 1, 1, 1, 0, 0, 0, 1, 1, 0, 0, PROD_GROWTH, 2, 0, 7, 6, 100, 200, 10, 119, 100, 0, 0, 0, 0, 0, 0, 1, 0, 18, 1, 2, 0, 0, 1, 0, 0, 48, 2, 0
057, Sweden, EXPANSION, 0, 0, 0, 1, 1, 1, 1, 1, 1, 0, 0, 0, 1, 1, 0, 0, PROD_GROWTH, 2, 0, 7, 6, 102, 400, 10, 122, 100, 0, 0, 0, 0, 0, 0, 1, 0, 19, 1, 2, 0, 0, 1, 0, 0, 48, 2, 0
058, Sweden, EXPANSION, 0, 0, 0, 1, 1, 1, 1, 1, 1, 0, 0, 0, 1, 1, 0, 0, PROD_GROWTH, 2, 0, 7, 6, 106, 200, 10, 125, 100, 0, 0, 0, 0, 0, 0, 1, 0, 20, 1, 2, 0, 0, 1, 0, 0, 48, 2, 0
059, Sweden, EXPANSION, 0, 0, 0, 1, 1, 1, 1, 1, 1, 0, 0, 0, 1, 1, 0, 0, PROD_GROWTH, 2, 0, 7, 6, 108, 400, 10, 128, 100, 0, 0, 0, 0, 0, 0, 1, 0, 21, 1, 2, 0, 0, 1, 0, 0, 48, 2, 0
060, Sweden, EXPANSION, 0, 0, 0, 1, 1, 1, 1, 1, 1, 0, 0, 0, 1, 1, 0, 0, PROD_GROWTH, 2, 0, 7, 6, 112, 200, 10, 126, 100, 0, 0, 0, 0, 0, 0, 1, 0, 22, 1, 2, 0, 0, 1, 0, 0, 48, 2, 0
061, Sweden, EXPANSION, 0, 0, 0, 1, 1, 1, 1, 1, 1, 0, 0, 0, 1, 1, 0, 0, PROD_GROWTH, 2, 0, 8, 5, 114, 400, 11, 123, 100, 0, 0, 0, 0, 0, 0, 1, 0, 23, 1, 2, 0, 0, 1, 0, 0, 48, 2, 0
062, Sweden, EXPANSION, 0, 0, 0, 1, 1, 1, 1, 1, 1, 0, 0, 0, 1, 1, 0, 0, PROD_GROWTH, 2, 0, 8, 5, 118, 200, 11, 104, 100, 0, 0, 0, 0, 0, 0, 1, 0, 24, 1, 2, 0, 0, 1, 0, 0, 48, 2, 0
063, Sweden, EXPANSION, 0, 0, 0, 1, 1, 1, 1, 1, 1, 0, 0, 0, 1, 1, 0, 0, PROD_GROWTH, 2, 0, 8, 5, 119, 300, 13, 104, 100, 0, 0, 0, 0, 0, 0, 1, 0, 25, 1, 2, 0, 0, 1, 0, 0, 48, 3, 0
064, Sweden, EXPANSION, 0, 0, 0, 1, 1, 1, 1, 0, 1, 0, 0, 0, 1, 1, 0, 0, PROD_GROWTH, 2, 0, 8, 5, 121, -100, 13, 102, 100, 0, 0, 0, 0, 0, 0, 1, 0, 26, 1, 45, 0, 0, 1, 0, 0, 48, 3, 0
065, Sweden, EXPANSION, 0, 0, 0, 1, 1, 1, 1, 0, 1, 0, 0, 0, 1, 1, 0, 0, PROD_GROWTH, 2, 0, 8, 5, 120, 200, 13, 102, 100, 0, 0, 0, 0, 0, 0, 1, 0, 27, 1, 45, 0, 0, 1, 0, 0, 48, 3, 0
066, Sweden, EXPANSION, 0, 0, 0, 1, 1, 1, 1, 0, 1, 0, 0, 0, 1, 1, 0, 0, PROD_GROWTH, 2, 0, 8, 5, 122, -100, 13, 101, 100, 0, 0, 0, 0, 0, 0, 1, 0, 28, 1, 45, 0, 0, 1, 0, 0, 64, 2, 0
067, Sweden, MILITARY, 0, 0, 0, 1, 1, 1, 1, 0, 1, 0, 0, 1, 2, 1, 0, 0, PROD_GROWTH, 2, 0, 9, 4, 121, 100, 15, 99, 100, 0, 0, 0, 0, 0, 0, 1, 0, 29, 1, 45, 0, 0, 1, 0, 1, 64, 2, 16013
068, Sweden, MILITARY, 0, 0, 0, 1, 1, 1, 1, 0, 1, 0, 0, 1, 2, 1, 0, 0, PROD_GROWTH, 2, 0, 9, 8, 122, 100, 15, 99, 100, 0, 0, 0, 0, 0, 0, 1, 0, 30, 1, 45, 0, 0, 1, 0, 1, 65, 3, 17015
069, Sweden, MILITARY, 0, 0, 0, 1, 1, 1, 1, 0, 1, 0, 0, 1, 2, 1, 0, 0, PROD_GROWTH, 2, 0, 9, 8, 122, 0, 15, 98, 100, 0, 0, 0, 0, 0, 0, 1, 0, 31, 1, 45, 0, 0, 1, 0, 1, 64, 3, 18518
070, Sweden, MILITARY, 0, 0, 0, 1, 1, 1, 1, 0, 1, 0, 0, 1, 2, 1, 0, 0, PROD_GROWTH, 2, 0, 9, 8, 122, 0, 15, 95, 100, 0, 0, 0, 0, 0, 0, 1, 0, 32, 1, 45, 0, 0, 1, 0, 1, 64, 3, 16013
071, Sweden, EXPANSION, 0, 0, 0, 1, 1, 1, 1, 0, 1, 0, 0, 0, 0, 1, 0, 0, PROD_GROWTH, 2, 0, 9, 8, 122, -100, 15, 103, 100, 0, 0, 0, 0, 0, 0, 0, 0, 33, 1, 45, 0, 0, 1, 0, 0, 63, 1, 0
072, Sweden, EXPANSION, 0, 0, 0, 1, 1, 1, 1, 0, 1, 0, 0, 0, 0, 1, 0, 0, PROD_GROWTH, 2, 0, 10, 7, 121, -200, 16, 98, 100, 0, 0, 0, 0, 0, 0, 0, 0, 34, 1, 45, 0, 0, 1, 0, 0, 63, 1, 0
073, Sweden, EXPANSION, 0, 0, 0, 1, 1, 1, 1, 0, 1, 0, 0, 0, 0, 1, 0, 0, PROD_GROWTH, 2, 0, 10, 7, 119, -200, 16, 95, 100, 0, 0, 0, 0, 0, 0, 0, 0, 35, 1, 45, 0, 0, 1, 0, 0, 63, 1, 0
074, Sweden, EXPANSION, 0, 0, 0, 1, 1, 1, 1, 0, 1, 0, 0, 0, 0, 1, 0, 0, PROD_GROWTH, 2, 0, 10, 14, 117, 637, 16, 92, 100, 0, 0, 0, 0, 0, 0, 0, 0, 36, 1, 21, 0, 0, 1, 0, 0, 63, 1, 0
075, Sweden, EXPANSION, 0, 0, 0, 1, 1, 1, 1, 0, 1, 0, 0, 0, 0, 1, 0, 0, PROD_GROWTH, 2, 0, 10, 14, 138, 637, 16, 93, 100, 0, 0, 0, 0, 0, 0, 0, 0, 37, 1, 21, 0, 0, 1, 0, 0, 63, 1, 0
076, Sweden, EXPANSION, 0, 0, 0, 1, 1, 1, 1, 0, 1, 0, 0, 0, 0, 1, 0, 0, PROD_GROWTH, 2, 0, 10, 15, 144, 637, 16, 89, 100, 0, 0, 0, 0, 0, 0, 0, 0, 38, 1, 21, 0, 0, 1, 0, 0, 63, 1, 0
077, Sweden, EXPANSION, 0, 0, 0, 1, 1, 1, 1, 0, 1, 0, 0, 0, 0, 1, 0, 0, PROD_GROWTH, 2, 0, 10, 15, 151, 637, 16, 86, 100, 0, 0, 0, 0, 0, 0, 0, 0, 39, 1, 21, 0, 0, 1, 0, 0, 63, 1, 0
078, Sweden, EXPANSION, 0, 0, 0, 1, 1, 1, 1, 0, 1, 0, 0, 0, 0, 1, 0, 0, PROD_GROWTH, 2, 0, 10, 15, 156, 537, 18, 86, 100, 0, 0, 0, 0, 0, 0, 0, 0, 40, 1, 21, 0, 0, 1, 0, 0, 67, 1, 0
079, Sweden, EXPANSION, 0, 0, 0, 1, 1, 1, 1, 0, 1, 0, 0, 0, 0, 1, 0, 0, PROD_GROWTH, 2, 0, 10, 15, 161, 750, 18, 84, 100, 0, 0, 0, 0, 0, 0, 0, 0, 41, 1, 2, 0, 0, 1, 0, 0, 67, 1, 0
080, Sweden, EXPANSION, 0, 0, 0, 1, 1, 1, 1, 0, 1, 0, 0, 0, 1, 1, 0, 0, PROD_GROWTH, 2, 0, 10, 15, 169, 750, 18, 79, 100, 0, 0, 0, 0, 0, 0, 1, 0, 42, 1, 2, 0, 0, 1, 0, 0, 67, 2, 0
081, Sweden, EXPANSION, 0, 0, 0, 1, 1, 1, 1, 0, 1, 0, 0, 0, 1, 1, 0, 0, PROD_GROWTH, 2, 0, 10, 15, 151, 850, 18, 81, 100, 0, 0, 0, 0, 0, 0, 1, 0, 43, 1, 2, 0, 0, 1, 0, 0, 67, 2, 0
082, Sweden, EXPANSION, 0, 0, 0, 1, 1, 1, 1, 0, 1, 0, 0, 0, 1, 1, 0, 0, PROD_GROWTH, 2, 0, 10, 15, 160, 550, 18, 82, 100, 0, 0, 0, 0, 0, 0, 1, 0, 44, 1, 2, 0, 0, 1, 0, 0, 67, 2, 0
083, Sweden, EXPANSION, 0, 0, 0, 1, 1, 1, 1, 0, 1, 0, 0, 0, 1, 1, 0, 0, PROD_GROWTH, 2, 0, 10, 15, 165, 850, 18, 84, 100, 0, 0, 0, 0, 0, 0, 1, 0, 45, 1, 2, 0, 0, 1, 0, 0, 52, 2, 0
084, Sweden, MILITARY, 0, 0, 0, 1, 1, 1, 1, 0, 1, 0, 1, 1, 2, 1, 0, 0, PROD_GROWTH, 2, 0, 10, 15, 174, 850, 18, 68, 100, 0, 0, 0, 0, 0, 0, 1, 0, 46, 1, 2, 0, 0, 1, 0, 1, 52, 2, 18463
085, Sweden, MILITARY, 0, 0, 0, 1, 1, 1, 1, 0, 1, 0, 1, 1, 2, 1, 0, 0, PROD_GROWTH, 2, 0, 10, 15, 182, 850, 18, 65, 100, 0, 0, 0, 0, 0, 0, 2, 0, 47, 1, 2, 0, 0, 1, 0, 1, 52, 3, 14411
086, Sweden, EXPANSION, 0, 0, 0, 1, 1, 1, 1, 0, 1, 0, 0, 0, 1, 1, 0, 0, PROD_GROWTH, 2, 0, 10, 15, 191, 0, 18, 66, 100, 0, 0, 0, 0, 0, 0, 2, 0, 48, 1, 2, 0, 0, 1, 0, 0, 52, 3, 0
087, Sweden, EXPANSION, 0, 0, 0, 1, 1, 1, 1, 0, 1, 0, 0, 0, 1, 1, 0, 0, PROD_GROWTH, 2, 0, 11, 14, 191, 300, 19, 66, 100, 0, 0, 0, 0, 0, 0, 2, 0, 49, 1, 2, 0, 0, 1, 0, 0, 52, 3, 0
088, Sweden, EXPANSION, 0, 0, 0, 1, 1, 1, 1, 0, 1, 0, 0, 0, 1, 1, 0, 0, PROD_GROWTH, 2, 0, 11, 14, 200, 600, 19, 68, 100, 0, 0, 0, 0, 0, 0, 2, 0, 50, 1, 21, 0, 0, 1, 0, 0, 52, 3, 0
089, Sweden, MILITARY, 0, 0, 0, 1, 1, 1, 1, 0, 1, 0, 1, 1, 2, 1, 0, 0, PROD_GROWTH, 2, 0, 11, 14, 206, 900, 19, 66, 100, 0, 0, 0, 0, 0, 0, 2, 0, 51, 1, 21, 0, 0, 1, 0, 1, 52, 3, 17567
090, Sweden, EXPANSION, 0, 0, 0, 1, 1, 1, 1, 0, 1, 0, 0, 0, 1, 1, 0, 0, PROD_GROWTH, 2, 0, 11, 14, 215, 600, 19, 65, 100, 0, 0, 0, 0, 0, 0, 2, 0, 52, 1, 21, 0, 0, 1, 0, 0, 52, 3, 0
091, Sweden, MILITARY, 0, 0, 0, 1, 1, 1, 0, 0, 1, 0, 1, 1, 2, 1, 0, 0, PROD_GROWTH, 2, 0, 12, 13, 221, 700, 32, 65, 100, 0, 0, 0, 0, 0, 0, 2, 0, 53, 1, 21, 0, 0, 1, 0, 1, 51, 3, 14818
092, Sweden, EXPANSION, 0, 0, 0, 1, 1, 1, 0, 0, 1, 0, 0, 0, 1, 1, 0, 0, PROD_GROWTH, 2, 0, 12, 13, 228, 900, 35, 64, 100, 0, 0, 0, 0, 0, 0, 2, 0, 54, 1, 21, 0, 0, 1, 0, 0, 51, 3, 0
093, Sweden, EXPANSION, 0, 0, 0, 1, 1, 1, 0, 0, 1, 0, 0, 0, 1, 1, 0, 0, PROD_GROWTH, 2, 0, 12, 13, 237, 900, 35, 66, 100, 0, 0, 0, 0, 0, 0, 2, 0, 55, 1, 2, 0, 0, 1, 0, 0, 51, 3, 0
094, Sweden, EXPANSION, 0, 0, 0, 1, 1, 1, 0, 0, 1, 0, 0, 0, 1, 1, 0, 0, PROD_GROWTH, 2, 0, 12, 13, 245, 800, 35, 67, 100, 0, 0, 0, 0, 0, 0, 2, 0, 56, 1, 2, 0, 0, 1, 0, 0, 52, 3, 0
095, Sweden, MILITARY, 0, 0, 0, 1, 1, 1, 0, 0, 1, 0, 1, 1, 3, 1, 0, 0, PROD_GROWTH, 2, 0, 12, 13, 253, 1000, 35, 66, 100, 0, 0, 0, 0, 0, 0, 2, 0, 57, 1, 2, 0, 0, 1, 0, 1, 51, 3, 39629
096, Sweden, MILITARY, 0, 0, 0, 1, 1, 1, 0, 0, 1, 0, 1, 1, 3, 1, 0, 0, PROD_GROWTH, 2, 0, 12, 13, 272, 400, 35, 66, 100, 0, 0, 0, 0, 0, 0, 2, 0, 58, 1, 2, 0, 0, 1, 0, 1, 51, 4, 35422
097, Sweden, MILITARY, 0, 0, 0, 1, 1, 1, 0, 0, 1, 0, 1, 1, 3, 1, 0, 0, PROD_GROWTH, 2, 0, 12, 13, 276, 300, 35, 63, 100, 0, 0, 0, 0, 0, 0, 2, 0, 59, 1, 2, 0, 0, 1, 0, 1, 51, 4, 34232
098, Sweden, EXPANSION, 0, 0, 0, 1, 1, 1, 0, 0, 1, 0, 0, 0, 1, 1, 0, 0, PROD_GROWTH, 2, 0, 12, 13, 278, -200, 35, 70, 100, 0, 0, 0, 0, 0, 0, 2, 0, 60, 1, 2, 0, 0, 1, 0, 0, 51, 4, 0
099, Sweden, EXPANSION, 0, 0, 0, 1, 1, 1, 0, 0, 1, 0, 0, 0, 1, 1, 0, 0, PROD_GROWTH, 2, 0, 12, 13, 291, 200, 35, 69, 100, 0, 0, 0, 0, 0, 0, 2, 0, 61, 1, 2, 0, 0, 1, 0, 0, 54, 4, 0
100, Sweden, EXPANSION, 0, 0, 0, 1, 1, 1, 0, 0, 1, 0, 0, 0, 1, 1, 0, 0, PROD_GROWTH, 2, 0, 12, 13, 293, -200, 35, 72, 100, 0, 0, 0, 0, 0, 0, 2, 0, 62, 1, 21, 0, 0, 1, 0, 0, 54, 4, 0
101, Sweden, TREASURY_RECOVERY, 0, 0, 1, 1, 1, 0, 0, 0, 0, 0, 0, 0, 1, 1, 1, 0, GOLD, 2, 0, 12, 13, 11, -200, 35, 85, 100, 0, 0, 0, 0, 0, 0, 2, 0, 63, 1, 21, 0, 0, 1, 0, 0, 55, 4, 0
102, Sweden, MILITARY, 0, 0, 1, 1, 1, 0, 0, 0, 0, 0, 0, 1, 3, 1, 0, 0, PROD_GROWTH, 2, 0, 12, 13, 9, -200, 35, 83, 100, 0, 0, 0, 0, 0, 0, 1, 0, 64, 1, 21, 0, 0, 1, 0, 1, 54, 3, 33627
103, Sweden, MILITARY, 0, 0, 1, 1, 1, 0, 0, 0, 0, 0, 0, 1, 3, 1, 0, 0, PROD_GROWTH, 2, 0, 12, 13, 7, -200, 35, 79, 100, 0, 0, 0, 0, 0, 0, 1, 0, 65, 1, 21, 0, 0, 1, 0, 1, 55, 3, 30827
104, Sweden, MILITARY, 0, 0, 1, 1, 1, 0, 0, 0, 0, 0, 0, 1, 2, 1, 0, 0, PROD_GROWTH, 2, 0, 12, 13, 11, -400, 35, 74, 100, 0, 0, 0, 0, 0, 0, 1, 0, 66, 1, 21, 0, 0, 1, 0, 1, 55, 4, 6403
105, Sweden, MILITARY, 0, 0, 1, 1, 1, 0, 0, 0, 0, 0, 0, 1, 2, 1, 0, 0, PROD_GROWTH, 2, 0, 13, 13, 23, -600, 36, 75, 100, 0, 0, 0, 0, 0, 0, 2, 0, 67, 1, 21, 0, 0, 1, 0, 1, 39, 4, 23812
106, Sweden, TREASURY_RECOVERY, 0, 0, 1, 1, 1, 0, 0, 0, 0, 0, 0, 0, 1, 1, 1, 0, GOLD, 2, 0, 13, 13, 17, -500, 36, 77, 100, 0, 0, 0, 0, 0, 0, 2, 0, 68, 1, 21, 0, 0, 1, 0, 0, 40, 4, 0
107, Sweden, TREASURY_RECOVERY, 0, 0, 1, 1, 1, 0, 0, 0, 0, 0, 0, 0, 1, 1, 1, 0, GOLD, 2, 0, 13, 13, 12, -500, 36, 71, 100, 0, 0, 0, 0, 0, 0, 1, 0, 69, 1, 21, 0, 0, 1, 0, 0, 39, 4, 0
108, Sweden, TREASURY_RECOVERY, 0, 0, 1, 1, 1, 0, 0, 0, 0, 0, 0, 0, 1, 1, 1, 0, GOLD, 2, 0, 13, 13, 7, -700, 36, 71, 100, 0, 0, 0, 0, 0, 0, 1, 0, 70, 1, 21, 0, 0, 1, 0, 0, 40, 4, 0
109, Sweden, TREASURY_RECOVERY, 0, 0, 1, 1, 1, 0, 0, 0, 0, 0, 0, 0, 1, 1, 1, 0, GOLD, 2, 0, 13, 13, 0, -500, 32, 71, 100, 0, 0, 0, 0, 0, 0, 1, 0, 71, 1, 21, 0, 0, 1, 0, 0, 40, 4, 0
110, Sweden, MILITARY, 0, 0, 1, 1, 1, 0, 0, 0, 0, 0, 1, 1, 3, 1, 0, 0, PROD_GROWTH, 2, 0, 14, 12, 0, -400, 35, 69, 100, 0, 0, 0, 0, 0, 0, 1, 0, 72, 1, 21, 0, 0, 1, 0, 1, 24, 4, 28820
111, Sweden, TREASURY_RECOVERY, 0, 0, 1, 1, 1, 0, 0, 0, 0, 0, 0, 0, 1, 1, 1, 0, GOLD, 2, 0, 14, 16, 0, -600, 33, 68, 100, 0, 0, 0, 0, 0, 0, 1, 0, 73, 1, 21, 0, 0, 1, 0, 0, 24, 4, 0
112, Sweden, TREASURY_RECOVERY, 0, 0, 1, 1, 1, 0, 0, 0, 0, 0, 0, 0, 1, 1, 1, 0, GOLD, 2, 0, 14, 16, 0, -500, 34, 67, 100, 0, 0, 0, 0, 0, 0, 2, 0, 74, 1, 21, 0, 0, 1, 0, 0, 25, 4, 0
113, Sweden, TREASURY_RECOVERY, 0, 0, 1, 1, 1, 0, 0, 0, 0, 0, 0, 0, 1, 1, 1, 0, GOLD, 2, 0, 14, 16, 0, -500, 34, 64, 100, 0, 0, 0, 0, 0, 0, 2, 0, 75, 1, 21, 0, 0, 1, 0, 0, 24, 4, 0
114, Sweden, TREASURY_RECOVERY, 0, 0, 1, 1, 1, 0, 0, 0, 0, 0, 0, 0, 1, 1, 1, 0, GOLD, 2, 0, 14, 16, 0, -900, 30, 63, 100, 0, 0, 0, 0, 0, 0, 2, 0, 76, 1, 21, 0, 0, 1, 0, 0, 24, 4, 0
115, Sweden, TREASURY_RECOVERY, 0, 0, 1, 1, 1, 0, 0, 0, 0, 0, 0, 0, 1, 1, 1, 0, GOLD, 2, 0, 14, 16, 0, -500, 34, 55, 100, 0, 0, 0, 0, 0, 0, 2, 0, 77, 1, 21, 0, 0, 1, 0, 0, 24, 4, 0
116, Sweden, MILITARY, 0, 0, 1, 1, 1, 0, 0, 0, 0, 0, 1, 1, 3, 1, 0, 0, PROD_GROWTH, 2, 0, 14, 16, 0, -325, 33, 56, 100, 0, 0, 0, 0, 0, 0, 2, 0, 78, 1, 21, 0, 0, 1, 0, 1, 24, 4, 43233
117, Sweden, MILITARY, 0, 0, 1, 1, 1, 0, 0, 0, 0, 0, 1, 1, 3, 1, 0, 0, PROD_GROWTH, 2, 0, 14, 16, 0, -125, 43, 54, 100, 0, 0, 0, 0, 0, 0, 2, 0, 79, 1, 21, 0, 0, 1, 0, 1, 22, 4, 40181
118, Sweden, MILITARY, 0, 0, 0, 1, 1, 1, 0, 0, 1, 0, 1, 1, 3, 1, 0, 0, PROD_GROWTH, 2, 0, 14, 16, 0, 875, 46, 55, 100, 0, 0, 0, 0, 0, 0, 2, 0, 80, 1, 21, 0, 0, 1, 0, 1, 36, 4, 33180
119, Sweden, EXPANSION, 0, 0, 0, 1, 1, 1, 0, 0, 1, 0, 0, 0, 1, 1, 0, 0, PROD_GROWTH, 2, 0, 14, 16, 8, 475, 46, 60, 100, 0, 0, 0, 0, 0, 0, 2, 0, 81, 1, 21, 0, 0, 1, 1, 0, 37, 4, 0
120, Sweden, MILITARY, 0, 0, 0, 1, 1, 1, 0, 0, 1, 0, 1, 1, 3, 1, 0, 0, PROD_GROWTH, 2, 0, 14, 16, 13, 660, 46, 57, 100, 0, 0, 0, 0, 0, 0, 2, 0, 82, 1, 2, 0, 0, 1, 1, 1, 37, 4, 11207
121, Sweden, MILITARY, 0, 0, 0, 1, 1, 1, 0, 0, 1, 0, 1, 1, 3, 1, 0, 0, PROD_GROWTH, 2, 0, 14, 16, 20, 675, 46, 52, 100, 0, 0, 0, 0, 0, 0, 1, 0, 83, 1, 2, 0, 0, 1, 0, 1, 37, 4, 24517
122, Sweden, MILITARY, 0, 0, 0, 1, 1, 1, 0, 0, 1, 0, 1, 1, 3, 1, 0, 0, PROD_GROWTH, 2, 0, 15, 15, 26, 1580, 48, 51, 100, 0, 0, 0, 0, 0, 0, 2, 0, 84, 1, 2, 0, 0, 1, 0, 1, 36, 4, 22068
123, Sweden, MILITARY, 0, 0, 0, 1, 1, 1, 0, 0, 1, 0, 1, 1, 3, 1, 0, 0, PROD_GROWTH, 2, 0, 15, 15, 57, 1395, 49, 62, 100, 0, 0, 0, 0, 0, 0, 2, 0, 85, 1, 2, 0, 0, 1, 0, 1, 21, 4, 2402
124, Sweden, EXPANSION, 0, 0, 0, 1, 1, 1, 0, 0, 1, 0, 0, 0, 1, 1, 0, 0, PROD_GROWTH, 2, 0, 15, 15, 34, 980, 52, 78, 100, 0, 0, 0, 0, 0, 0, 1, 0, 86, 1, 2, 0, 0, 1, 0, 0, 36, 4, 0
125, Sweden, EXPANSION, 0, 0, 0, 1, 1, 1, 0, 0, 1, 0, 0, 0, 1, 1, 0, 0, PROD_GROWTH, 2, 0, 15, 15, 44, 1125, 50, 75, 100, 0, 0, 0, 0, 0, 0, 1, 0, 87, 1, 2, 0, 0, 1, 1, 0, 37, 4, 0
126, Sweden, MILITARY, 0, 0, 0, 1, 1, 1, 0, 0, 1, 0, 1, 1, 2, 1, 0, 0, PROD_GROWTH, 2, 0, 16, 15, 55, 1071, 53, 69, 100, 0, 0, 0, 0, 0, 0, 1, 0, 88, 1, 2, 0, 0, 1, 1, 1, 36, 4, 9569
127, Sweden, MILITARY, 0, 0, 0, 1, 1, 1, 0, 0, 1, 0, 0, 1, 2, 1, 0, 0, PROD_GROWTH, 2, 0, 16, 15, 66, 1086, 53, 71, 100, 0, 0, 0, 0, 0, 0, 1, 0, 89, 1, 2, 0, 0, 1, 0, 1, 37, 4, 13775
128, Sweden, MILITARY, 0, 0, 0, 1, 1, 1, 0, 0, 1, 0, 0, 1, 2, 1, 0, 0, PROD_GROWTH, 2, 0, 16, 15, 72, 570, 54, 76, 100, 0, 0, 0, 0, 0, 0, 1, 0, 90, 1, 2, 0, 0, 1, 0, 1, 37, 4, 12807
129, Sweden, MILITARY, 0, 0, 0, 1, 1, 1, 0, 0, 1, 0, 0, 1, 3, 1, 0, 0, PROD_GROWTH, 2, 0, 16, 15, 78, 770, 54, 72, 100, 0, 0, 0, 0, 0, 0, 1, 0, 91, 1, 2, 0, 0, 1, 0, 1, 37, 4, 32539
130, Sweden, MILITARY, 0, 0, 0, 1, 1, 1, 0, 0, 1, 0, 0, 1, 3, 1, 0, 0, PROD_GROWTH, 2, 0, 16, 15, 59, 1450, 57, 74, 100, 0, 0, 0, 0, 0, 0, 1, 0, 92, 1, 2, 0, 0, 1, 0, 1, 37, 4, 35456
131, Sweden, MILITARY, 0, 0, 0, 1, 1, 1, 0, 0, 1, 0, 0, 1, 3, 1, 0, 0, PROD_GROWTH, 2, 0, 16, 22, 70, 1057, 57, 73, 100, 0, 0, 0, 0, 0, 0, 1, 0, 93, 1, 2, 0, 0, 1, 0, 1, 52, 4, 31217
132, Sweden, MILITARY, 0, 0, 0, 1, 1, 1, 0, 0, 1, 0, 0, 1, 3, 1, 0, 0, PROD_GROWTH, 2, 0, 16, 22, 78, 451, 57, 74, 100, 0, 0, 0, 0, 0, 0, 1, 0, 94, 1, 2, 0, 0, 1, 0, 1, 53, 4, 36023
133, Sweden, MILITARY, 0, 0, 0, 1, 1, 1, 0, 0, 1, 0, 0, 1, 2, 1, 0, 0, PROD_GROWTH, 2, 0, 16, 22, 85, 1120, 57, 86, 100, 0, 0, 0, 0, 0, 0, 1, 0, 95, 1, 2, 0, 0, 1, 0, 1, 52, 4, 20010
134, Sweden, MILITARY, 0, 0, 0, 1, 1, 1, 0, 0, 1, 0, 0, 1, 2, 1, 0, 0, PROD_GROWTH, 2, 0, 16, 22, 112, 1079, 57, 81, 100, 0, 0, 0, 0, 0, 0, 1, 0, 96, 1, 2, 0, 0, 1, 0, 1, 38, 4, 8807
135, Sweden, MILITARY, 0, 0, 0, 1, 1, 1, 0, 0, 1, 0, 0, 1, 2, 1, 0, 0, PROD_GROWTH, 2, 0, 17, 29, 123, 1082, 63, 91, 100, 0, 0, 0, 0, 0, 0, 1, 0, 97, 1, 2, 0, 0, 1, 0, 1, 37, 4, 7401
136, Sweden, EXPANSION, 0, 0, 0, 1, 1, 1, 0, 0, 1, 0, 0, 0, 1, 1, 0, 0, PROD_GROWTH, 2, 0, 17, 25, 134, 1067, 63, 75, 100, 0, 0, 0, 0, 0, 0, 1, 0, 98, 1, 2, 0, 0, 1, 0, 0, 37, 4, 0
137, Sweden, EXPANSION, 0, 0, 0, 1, 1, 1, 0, 0, 1, 0, 0, 0, 1, 1, 0, 0, PROD_GROWTH, 2, 0, 17, 29, 144, 1063, 63, 74, 100, 0, 0, 0, 0, 0, 0, 1, 0, 99, 1, 2, 0, 0, 1, 0, 0, 37, 4, 0
138, Sweden, EXPANSION, 0, 0, 0, 1, 1, 1, 0, 0, 1, 0, 0, 0, 1, 1, 0, 0, PROD_GROWTH, 2, 0, 18, 29, 165, 2248, 65, 77, 100, 0, 0, 0, 0, 0, 0, 1, 0, 100, 1, 2, 1, 1, 1, 0, 0, 37, 4, 0
139, Sweden, EXPANSION, 0, 0, 0, 1, 1, 1, 0, 0, 1, 0, 0, 0, 1, 1, 0, 0, PROD_GROWTH, 2, 0, 18, 29, 30, 3632, 65, 77, 100, 0, 0, 0, 0, 0, 0, 1, 0, 101, 1, 2, 1, 1, 1, 0, 0, 22, 4, 0
140, Sweden, EXPANSION, 0, 0, 0, 1, 1, 1, 0, 0, 1, 0, 0, 0, 1, 1, 0, 0, PROD_GROWTH, 2, 0, 18, 29, 67, 2164, 63, 80, 100, 0, 0, 0, 0, 0, 0, 1, 0, 102, 1, 2, 1, 1, 1, 0, 0, 37, 4, 0
141, Sweden, EXPANSION, 0, 0, 0, 1, 1, 1, 0, 0, 1, 0, 0, 0, 1, 1, 0, 0, PROD_GROWTH, 2, 0, 18, 29, 86, 1964, 63, 82, 100, 0, 0, 0, 0, 0, 0, 1, 0, 103, 1, 2, 1, 1, 1, 0, 0, 37, 4, 0
142, Sweden, MILITARY, 0, 0, 0, 1, 1, 1, 0, 0, 1, 0, 0, 1, 2, 1, 0, 0, PROD_GROWTH, 2, 0, 18, 29, 96, -375, 63, 84, 100, 0, 0, 0, 0, 0, 0, 1, 0, 104, 1, 2, 1, 1, 1, 0, 1, 38, 4, 18212
143, Sweden, MILITARY, 0, 0, 1, 1, 1, 0, 0, 0, 0, 0, 0, 1, 2, 1, 0, 0, PROD_GROWTH, 2, 0, 18, 29, 92, -674, 63, 82, 100, 0, 0, 0, 0, 0, 0, 1, 0, 105, 1, 2, 1, 1, 1, 0, 1, 38, 4, 11308
144, Sweden, MILITARY, 0, 0, 1, 1, 1, 0, 0, 0, 0, 0, 0, 1, 2, 1, 0, 0, PROD_GROWTH, 2, 0, 18, 21, 91, -1105, 63, 75, 100, 0, 0, 0, 0, 0, 0, 1, 0, 106, 1, 21, 1, 1, 1, 0, 1, 37, 4, 11860
145, Sweden, TREASURY_RECOVERY, 0, 0, 1, 1, 1, 0, 0, 0, 0, 0, 0, 0, 1, 1, 1, 0, GOLD, 2, 0, 18, 21, 94, -1904, 61, 70, 100, 0, 0, 0, 0, 0, 0, 1, 0, 107, 1, 21, 1, 1, 1, 1, 1, 21, 4, 2002
146, Sweden, EXPANSION, 0, 0, 0, 1, 1, 1, 0, 1, 1, 0, 0, 0, 1, 1, 0, 0, PROD_GROWTH, 3, 0, 19, 18, 83, -347, 62, 71, 100, 0, 0, 0, 0, 0, 0, 1, 0, 1, 1, 9, 0, 0, 1, 1, 0, 21, 4, 0
147, Sweden, MILITARY, 0, 0, 1, 1, 1, 0, 0, 1, 0, 0, 0, 1, 2, 1, 0, 0, PROD_GROWTH, 3, 0, 20, 17, 30, -1324, 64, 71, 100, 0, 0, 0, 0, 0, 0, 1, 0, 2, 1, 2, 0, 0, 1, 1, 1, 21, 4, 6309
148, Sweden, MILITARY, 0, 0, 1, 1, 1, 0, 0, 1, 0, 0, 1, 1, 2, 1, 0, 0, PROD_GROWTH, 3, 0, 20, 17, 17, -1324, 64, 69, 100, 0, 0, 0, 0, 0, 0, 1, 0, 3, 1, 2, 0, 0, 1, 1, 1, 21, 4, 4509
149, Sweden, MILITARY, 0, 0, 1, 1, 1, 0, 0, 1, 0, 0, 1, 1, 2, 1, 0, 0, PROD_GROWTH, 3, 0, 20, 17, 4, -1324, 54, 69, 100, 0, 0, 0, 0, 0, 0, 1, 0, 4, 1, 2, 0, 0, 1, 0, 1, 21, 4, 5409
150, Sweden, TREASURY_RECOVERY, 0, 0, 1, 1, 1, 0, 0, 1, 0, 0, 0, 0, 1, 1, 1, 0, GOLD, 3, 0, 20, 17, 0, -1352, 50, 65, 100, 0, 0, 0, 0, 0, 0, 1, 0, 5, 1, 2, 0, 0, 1, 0, 0, 24, 4, 0
151, Sweden, EXPANSION, 0, 0, 0, 1, 1, 1, 0, 1, 1, 0, 0, 0, 1, 1, 0, 0, PROD_GROWTH, 3, 0, 20, 17, 8, 1300, 63, 66, 100, 0, 0, 0, 0, 0, 0, 1, 0, 6, 1, 2, 0, 0, 1, 1, 0, 24, 4, 0
152, Sweden, MILITARY, 0, 0, 1, 1, 1, 0, 0, 1, 0, 0, 1, 1, 3, 1, 0, 0, PROD_GROWTH, 3, 0, 20, 21, 0, -1275, 58, 64, 100, 0, 0, 0, 0, 0, 0, 1, 0, 7, 1, 0, 0, 0, 1, 1, 1, 24, 4, 4803
153, Sweden, MILITARY, 0, 0, 1, 1, 1, 0, 0, 1, 0, 0, 1, 1, 2, 1, 0, 0, PROD_GROWTH, 3, 0, 22, 20, 0, -975, 64, 65, 100, 0, 0, 0, 0, 0, 0, 1, 0, 8, 1, 0, 0, 0, 1, 1, 1, 24, 4, 4803
154, Sweden, TREASURY_RECOVERY, 0, 0, 1, 1, 1, 0, 0, 1, 0, 0, 0, 0, 1, 1, 1, 0, GOLD, 3, 0, 22, 20, 0, -562, 69, 76, 100, 0, 0, 0, 0, 0, 0, 1, 0, 9, 1, 0, 0, 0, 1, 0, 1, 24, 4, 4803
155, Sweden, EXPANSION, 0, 0, 0, 1, 1, 1, 0, 1, 1, 0, 0, 0, 1, 1, 0, 0, PROD_GROWTH, 3, 0, 22, 20, 8, 1051, 75, 79, 100, 0, 0, 0, 0, 0, 0, 1, 0, 10, 1, 0, 0, 0, 1, 0, 1, 24, 4, 4803
156, Sweden, TREASURY_RECOVERY, 0, 0, 1, 1, 1, 0, 0, 1, 0, 0, 0, 0, 1, 1, 1, 0, GOLD, 3, 0, 22, 28, 0, -1162, 63, 77, 100, 0, 0, 0, 0, 0, 0, 1, 0, 11, 1, 0, 1, 1, 1, 0, 1, 25, 4, 4803
157, Sweden, TREASURY_RECOVERY, 0, 0, 1, 1, 1, 0, 0, 1, 0, 0, 0, 0, 1, 1, 1, 0, GOLD, 3, 0, 22, 28, 0, -99, 75, 76, 100, 0, 0, 0, 0, 0, 0, 1, 0, 12, 1, 0, 1, 1, 1, 0, 1, 25, 4, 4803
158, Sweden, TREASURY_RECOVERY, 0, 0, 1, 1, 1, 0, 0, 1, 0, 0, 0, 0, 1, 1, 1, 0, GOLD, 3, 0, 22, 28, 0, -588, 70, 76, 100, 0, 0, 0, 0, 0, 0, 1, 0, 13, 1, 0, 1, 1, 1, 0, 1, 25, 4, 4803
159, Sweden, EXPANSION, 0, 0, 0, 1, 1, 1, 0, 1, 1, 0, 0, 0, 1, 1, 0, 0, PROD_GROWTH, 3, 0, 22, 28, 4, 1193, 76, 75, 100, 0, 0, 0, 0, 0, 0, 1, 0, 14, 1, 0, 1, 1, 1, 0, 1, 25, 4, 4803
160, Sweden, EXPANSION, 0, 0, 0, 1, 1, 1, 0, 1, 1, 0, 0, 0, 1, 1, 0, 0, PROD_GROWTH, 3, 0, 23, 27, 9, 656, 77, 76, 100, 0, 0, 0, 0, 0, 0, 1, 0, 15, 1, 0, 1, 1, 1, 0, 1, 25, 4, 4803
161, Sweden, EXPANSION, 0, 0, 0, 1, 1, 1, 0, 1, 1, 0, 0, 0, 1, 1, 0, 0, PROD_GROWTH, 3, 0, 23, 27, 16, 856, 77, 75, 100, 0, 0, 0, 0, 0, 0, 1, 0, 16, 1, 0, 1, 1, 1, 0, 1, 25, 4, 4803
162, Sweden, EXPANSION, 0, 0, 0, 1, 1, 1, 0, 1, 1, 0, 0, 0, 1, 1, 0, 0, PROD_GROWTH, 3, 0, 24, 31, 21, 606, 79, 71, 100, 0, 0, 0, 0, 0, 0, 1, 0, 17, 1, 0, 1, 1, 1, 0, 1, 25, 4, 4803
163, Sweden, MILITARY, 0, 0, 0, 1, 1, 1, 0, 1, 1, 0, 1, 1, 2, 1, 0, 0, PROD_GROWTH, 4, 0, 26, 27, 44, 1456, 83, 67, 100, 0, 0, 0, 0, 0, 0, 1, 0, 1, 1, 0, 0, 0, 1, 1, 1, 25, 4, 4803
164, Sweden, MILITARY, 0, 0, 0, 1, 1, 1, 0, 1, 1, 0, 1, 1, 2, 1, 0, 0, PROD_GROWTH, 4, 0, 26, 28, 54, 1256, 83, 66, 100, 0, 0, 0, 0, 0, 0, 1, 0, 2, 1, 0, 0, 0, 1, 1, 1, 26, 4, 4803
165, Sweden, MILITARY, 0, 0, 0, 1, 1, 1, 0, 1, 1, 0, 1, 1, 3, 1, 0, 0, PROD_GROWTH, 4, 0, 26, 28, 67, 1256, 83, 63, 100, 0, 0, 0, 0, 0, 0, 1, 0, 3, 1, 0, 0, 0, 1, 1, 1, 25, 4, 4803
166, Sweden, MILITARY, 0, 0, 0, 1, 1, 1, 0, 1, 1, 0, 1, 1, 2, 1, 0, 0, PROD_GROWTH, 4, 0, 26, 28, 67, 1006, 83, 68, 100, 0, 0, 0, 0, 0, 0, 1, 0, 4, 1, 0, 0, 0, 1, 0, 1, 10, 4, 3903
167, Sweden, EXPANSION, 0, 0, 0, 1, 1, 1, 0, 1, 1, 0, 0, 0, 1, 1, 0, 0, PROD_GROWTH, 4, 0, 26, 28, 42, 1025, 83, 81, 100, 0, 0, 0, 0, 0, 0, 1, 0, 5, 1, 0, 0, 0, 1, 0, 1, 10, 4, 3204
168, Sweden, EXPANSION, 0, 0, 0, 1, 1, 1, 0, 1, 1, 0, 0, 0, 1, 1, 0, 0, PROD_GROWTH, 4, 0, 27, 27, 25, 625, 85, 90, 100, 0, 0, 0, 0, 0, 0, 1, 0, 6, 1, 0, 1, 1, 1, 0, 1, 9, 4, 2404
169, Sweden, TREASURY_RECOVERY, 0, 0, 1, 1, 1, 0, 0, 1, 0, 0, 0, 0, 1, 1, 1, 0, GOLD, 4, 0, 27, 27, 0, -575, 79, 91, 100, 0, 0, 0, 0, 0, 0, 1, 0, 7, 1, 0, 1, 1, 1, 0, 0, 9, 4, 0
170, Sweden, EXPANSION, 0, 0, 0, 1, 1, 1, 0, 1, 1, 0, 0, 0, 1, 1, 0, 0, PROD_GROWTH, 4, 0, 27, 27, 11, 1705, 85, 89, 100, 0, 0, 0, 0, 0, 0, 1, 0, 8, 1, 0, 1, 1, 1, 0, 0, 9, 4, 0
171, Sweden, TREASURY_RECOVERY, 0, 0, 1, 1, 1, 0, 0, 1, 0, 0, 0, 0, 1, 1, 1, 0, GOLD, 4, 0, 27, 27, 8, -975, 84, 86, 100, 0, 0, 0, 0, 0, 0, 1, 0, 9, 1, 0, 1, 1, 1, 0, 0, 9, 4, 0
172, Sweden, EXPANSION, 0, 0, 0, 1, 1, 1, 0, 1, 1, 0, 0, 0, 1, 1, 0, 0, PROD_GROWTH, 4, 0, 28, 26, 18, 1605, 88, 84, 100, 0, 0, 0, 0, 0, 0, 1, 0, 10, 1, 0, 1, 1, 1, 0, 0, 9, 4, 0
173, Sweden, TREASURY_RECOVERY, 0, 0, 1, 1, 1, 0, 0, 1, 0, 0, 0, 0, 1, 1, 1, 0, GOLD, 4, 0, 30, 25, 12, -1060, 91, 80, 100, 0, 0, 0, 0, 0, 0, 1, 0, 11, 1, 0, 1, 1, 1, 0, 0, 9, 4, 0
174, Sweden, EXPANSION, 0, 0, 0, 1, 1, 1, 0, 1, 1, 0, 0, 0, 1, 1, 0, 0, PROD_GROWTH, 4, 0, 30, 25, 24, 1920, 91, 78, 100, 0, 0, 0, 0, 0, 0, 1, 0, 12, 1, 0, 1, 1, 1, 0, 0, 6, 4, 0
175, Sweden, TREASURY_RECOVERY, 0, 0, 1, 1, 1, 0, 0, 1, 0, 0, 0, 0, 1, 1, 1, 0, GOLD, 5, 0, 31, 21, 20, -460, 92, 73, 100, 0, 0, 0, 0, 0, 0, 1, 0, 1, 1, 0, 0, 0, 1, 0, 0, 6, 4, 0
176, Sweden, EXPANSION, 0, 0, 0, 1, 1, 1, 0, 1, 1, 0, 0, 0, 1, 1, 0, 0, PROD_GROWTH, 5, 0, 31, 21, 13, 1820, 92, 77, 100, 0, 0, 0, 0, 0, 0, 1, 0, 2, 1, 0, 0, 0, 1, 0, 0, 6, 4, 0
177, Sweden, TREASURY_RECOVERY, 0, 0, 1, 1, 1, 0, 0, 1, 0, 0, 0, 0, 1, 1, 1, 0, GOLD, 5, 0, 32, 20, 8, -260, 93, 75, 100, 0, 0, 0, 0, 0, 0, 1, 0, 3, 1, 0, 0, 0, 1, 0, 0, 6, 4, 0
178, Sweden, EXPANSION, 0, 0, 0, 1, 1, 1, 0, 1, 1, 0, 0, 0, 1, 1, 0, 0, PROD_GROWTH, 5, 0, 32, 20, 27, 1520, 93, 77, 100, 0, 0, 0, 0, 0, 0, 1, 0, 4, 1, 0, 0, 0, 1, 0, 0, 6, 4, 0
179, Sweden, TREASURY_RECOVERY, 0, 0, 1, 1, 1, 0, 0, 1, 0, 0, 0, 0, 1, 1, 1, 0, GOLD, 5, 0, 32, 20, 18, -560, 93, 74, 100, 0, 0, 0, 0, 0, 0, 1, 0, 5, 1, 0, 1, 1, 1, 0, 0, 6, 4, 0
180, Sweden, EXPANSION, 0, 1, 0, 1, 1, 1, 0, 1, 1, 0, 0, 0, 1, 1, 1, 0, GOLD_GROWTH, 5, 0, 33, 19, 20, -218, 94, 72, 100, 0, 0, 0, 0, 0, 0, 1, 0, 6, 1, 0, 1, 1, 1, 0, 0, 6, 4, 0
181, Sweden, MILITARY, 0, 0, 1, 1, 1, 0, 0, 1, 0, 0, 1, 1, 2, 1, 0, 0, PROD_GROWTH, 5, 0, 34, 15, 23, -418, 96, 68, 100, 0, 0, 0, 0, 0, 0, 1, 0, 7, 1, 0, 1, 1, 1, 0, 1, 6, 4, 0
182, Sweden, MILITARY, 0, 0, 1, 1, 1, 0, 0, 1, 0, 0, 1, 1, 2, 1, 0, 0, PROD_GROWTH, 5, 0, 35, 18, 0, -2098, 76, 65, 100, 0, 0, 0, 0, 0, 0, 1, 0, 8, 1, 0, 1, 1, 1, 0, 1, 6, 4, 0
183, Sweden, TREASURY_RECOVERY, 0, 0, 1, 1, 1, 0, 0, 1, 0, 0, 0, 0, 1, 1, 1, 0, GOLD, 6, 0, 36, 14, 30, -1026, 98, 77, 100, 0, 0, 0, 0, 0, 0, 1, 0, 1, 1, 0, 0, 0, 1, 0, 1, 6, 4, 0
184, Sweden, MILITARY, 0, 0, 0, 1, 1, 1, 0, 1, 1, 0, 0, 1, 3, 1, 0, 0, PROD_GROWTH, 6, 0, 36, 14, 13, 4252, 99, 81, 100, 0, 0, 0, 0, 0, 0, 1, 0, 2, 1, 0, 0, 0, 1, 0, 1, 6, 4, 162585
185, Sweden, MILITARY, 0, 0, 1, 1, 1, 0, 0, 1, 0, 0, 1, 1, 3, 0, 0, 0, PROD_GROWTH, 6, 0, 36, 18, 19, -3000, 85, 74, 22, 1, 0, 1, 1, 0, 0, 1, 0, 3, 1, 0, 0, 0, 1, 0, 1, 6, 4, 67178
186, Sweden, MILITARY, 0, 0, 1, 1, 1, 0, 0, 1, 0, 0, 1, 1, 3, 0, 0, 0, PROD_GROWTH, 6, 0, 37, 17, 7, -500, 97, 64, 18, 1, 1, 0, 1, 0, 0, 1, 0, 4, 1, 0, 0, 0, 1, 0, 1, 7, 4, 77193
187, Sweden, MILITARY, 0, 0, 1, 1, 1, 0, 0, 1, 0, 0, 1, 1, 3, 0, 0, 0, PROD_GROWTH, 6, 0, 37, 17, 2, -200, 97, 68, 19, 1, 1, 0, 1, 0, 0, 1, 0, 5, 1, 0, 0, 0, 1, 0, 1, 7, 4, 104971
188, Sweden, MILITARY, 0, 0, 1, 1, 1, 0, 0, 1, 0, 0, 1, 1, 3, 0, 0, 0, PROD_GROWTH, 6, 0, 38, 16, 88, -900, 99, 70, 21, 1, 1, 0, 1, 0, 0, 1, 0, 6, 1, 0, 0, 0, 1, 0, 1, 7, 4, 147214
189, Sweden, MILITARY, 0, 0, 1, 1, 1, 0, 0, 1, 0, 0, 1, 1, 3, 0, 0, 0, PROD_GROWTH, 6, 0, 39, 15, 79, -600, 101, 77, 23, 1, 1, 0, 1, 0, 0, 1, 0, 7, 1, 0, 0, 0, 1, 0, 1, 7, 4, 211203
190, Sweden, MILITARY, 0, 0, 1, 1, 1, 0, 0, 1, 0, 0, 1, 1, 3, 0, 0, 0, PROD_GROWTH, 6, 0, 39, 11, 73, -1000, 101, 67, 20, 1, 1, 0, 1, 0, 0, 1, 0, 8, 1, 0, 0, 0, 1, 0, 1, 7, 4, 237255
191, Sweden, MILITARY, 0, 0, 1, 1, 1, 0, 0, 1, 0, 0, 1, 1, 3, 0, 0, 0, PROD_GROWTH, 5, 0, 38, 11, 43, -2100, 99, 61, 19, 1, 1, 0, 1, 0, 0, 1, 0, 9, 1, 0, 0, 0, 1, 0, 1, 7, 4, 163965
192, Sweden, MILITARY, 0, 0, 1, 1, 1, 0, 0, 1, 0, 0, 1, 1, 3, 0, 0, 0, PROD_GROWTH, 5, 0, 39, 11, 121, -1900, 102, 61, 19, 1, 1, 0, 1, 0, 0, 1, 0, 10, 1, 0, 0, 0, 1, 0, 1, 7, 4, 189871
193, Sweden, MILITARY, 0, 0, 0, 1, 1, 0, 0, 1, 0, 0, 1, 1, 3, 0, 0, 0, PROD_GROWTH, 5, 0, 39, 11, 108, -600, 102, 69, 22, 1, 1, 0, 1, 0, 0, 1, 0, 11, 1, 0, 0, 0, 1, 0, 1, 6, 4, 114442
194, Sweden, MILITARY, 0, 0, 1, 1, 1, 0, 0, 1, 0, 0, 1, 1, 3, 0, 0, 0, PROD_GROWTH, 5, 0, 39, 11, 98, -1800, 102, 56, 18, 1, 1, 0, 1, 0, 0, 1, 0, 12, 1, 0, 0, 0, 1, 0, 1, 7, 4, 117867
195, Sweden, MILITARY, 0, 0, 1, 1, 1, 0, 0, 1, 0, 0, 1, 1, 3, 0, 0, 0, PROD_GROWTH, 5, 0, 39, 11, 69, -1900, 102, 56, 18, 1, 1, 0, 1, 0, 0, 1, 0, 13, 1, 0, 0, 0, 1, 0, 1, 6, 4, 319186
196, Sweden, MILITARY, 0, 0, 1, 1, 1, 0, 0, 1, 0, 0, 1, 1, 3, 0, 0, 0, PROD_GROWTH, 5, 0, 39, 11, 50, -2300, 102, 58, 20, 1, 1, 0, 1, 0, 0, 1, 0, 14, 1, 0, 0, 0, 1, 0, 1, 6, 4, 358925
197, Sweden, MILITARY, 0, 0, 1, 1, 1, 0, 0, 1, 0, 0, 1, 1, 3, 0, 0, 0, PROD_GROWTH, 5, 0, 39, 15, 31, -1150, 102, 55, 19, 1, 1, 0, 1, 0, 0, 1, 0, 15, 1, 0, 0, 0, 1, 0, 1, 6, 4, 224666
198, Sweden, MILITARY, 0, 0, 1, 1, 1, 0, 0, 1, 0, 0, 1, 1, 3, 0, 0, 0, PROD_GROWTH, 5, 0, 39, 11, 14, -1900, 119, 51, 18, 1, 1, 0, 1, 0, 0, 1, 0, 16, 1, 0, 0, 0, 1, 0, 1, 6, 4, 271089
199, Sweden, MILITARY, 0, 0, 1, 1, 1, 0, 0, 1, 0, 0, 1, 1, 3, 0, 0, 0, PROD_GROWTH, 5, 0, 41, 9, 0, -2050, 105, 56, 21, 1, 1, 0, 1, 0, 0, 2, 0, 17, 1, 0, 0, 0, 1, 0, 1, 6, 4, 220170
200, Sweden, MILITARY, 0, 0, 1, 1, 1, 0, 0, 1, 0, 0, 1, 1, 3, 0, 0, 0, PROD_GROWTH, 5, 0, 42, 8, 0, -1450, 115, 54, 22, 1, 1, 0, 1, 0, 0, 2, 0, 18, 1, 0, 0, 0, 1, 0, 1, 6, 4, 166812
201, Sweden, MILITARY, 0, 0, 1, 1, 1, 0, 0, 1, 0, 0, 1, 1, 3, 0, 0, 0, PROD_GROWTH, 5, 0, 42, 4, 0, -1400, 116, 38, 14, 1, 1, 0, 1, 0, 0, 2, 0, 19, 1, 0, 0, 0, 1, 0, 1, 6, 4, 109509
202, Sweden, MILITARY, 0, 0, 1, 1, 1, 0, 0, 1, 0, 0, 1, 1, 3, 0, 0, 0, PROD_GROWTH, 5, 0, 42, 4, 15, -1500, 130, 60, 24, 1, 1, 0, 1, 0, 0, 2, 0, 20, 1, 0, 0, 0, 1, 0, 1, 6, 4, 154868
203, Sweden, MILITARY, 0, 0, 1, 1, 1, 0, 0, 1, 0, 0, 1, 1, 3, 0, 0, 0, PROD_GROWTH, 5, 0, 42, 4, 0, -2300, 107, 56, 22, 1, 1, 0, 1, 0, 0, 1, 0, 21, 1, 0, 0, 0, 1, 0, 1, 6, 4, 88493
204, Sweden, MILITARY, 0, 0, 1, 1, 1, 0, 0, 1, 0, 0, 1, 1, 3, 0, 0, 0, PROD_GROWTH, 5, 0, 42, 4, 0, -2400, 106, 58, 23, 1, 1, 0, 1, 0, 0, 1, 0, 22, 1, 0, 0, 0, 1, 0, 0, 6, 4, 0
205, Sweden, MILITARY, 0, 0, 1, 1, 1, 0, 0, 1, 0, 0, 1, 1, 3, 0, 0, 0, PROD_GROWTH, 5, 0, 42, 4, 0, -3200, 98, 77, 33, 1, 1, 0, 1, 0, 0, 1, 0, 23, 1, 0, 0, 0, 1, 0, 0, 6, 4, 0
206, Sweden, MILITARY, 0, 0, 1, 1, 1, 0, 0, 1, 0, 0, 1, 1, 3, 0, 0, 0, PROD_GROWTH, 5, 0, 43, 3, 0, -2000, 111, 72, 30, 1, 1, 0, 1, 0, 0, 1, 0, 24, 1, 0, 0, 0, 1, 0, 0, 6, 4, 0
207, Sweden, MILITARY, 0, 0, 1, 1, 1, 0, 0, 1, 0, 0, 1, 1, 3, 0, 0, 0, PROD_GROWTH, 5, 0, 43, 3, 0, -3600, 95, 75, 30, 1, 1, 0, 1, 0, 0, 1, 0, 25, 1, 0, 0, 0, 1, 0, 0, 6, 4, 0
208, Sweden, MILITARY, 0, 0, 1, 1, 1, 0, 0, 0, 0, 0, 1, 1, 3, 0, 0, 0, PROD_GROWTH, 5, 0, 43, 3, 0, -1900, 125, 73, 29, 1, 1, 0, 1, 0, 0, 1, 0, 26, 1, 0, 0, 0, 1, 0, 0, 6, 4, 0
209, Sweden, MILITARY, 0, 0, 1, 1, 1, 0, 0, 0, 0, 0, 1, 1, 3, 0, 0, 0, PROD_GROWTH, 5, 0, 44, 3, 0, -2650, 122, 73, 29, 1, 1, 0, 1, 0, 0, 1, 0, 27, 1, 0, 0, 0, 1, 0, 0, 6, 4, 0
210, Sweden, MILITARY, 1, 0, 1, 1, 1, 0, 0, 0, 0, 0, 1, 1, 3, 0, 1, 0, PRODUCTION, 5, 0, 46, -7, 0, -2636, 112, 100, 43, 1, 1, 0, 1, 0, 0, 1, 0, 28, 1, 0, 0, 0, 1, 0, 0, 6, 4, 0
211, Sweden, MILITARY, 1, 0, 1, 1, 1, 0, 0, 0, 0, 0, 1, 1, 3, 0, 1, 0, PRODUCTION, 5, 0, 46, -3, 0, -2494, 113, 113, 49, 1, 1, 0, 1, 0, 0, 1, 0, 29, 1, 0, 0, 0, 1, 0, 0, 6, 3, 0
212, Sweden, MILITARY, 1, 0, 1, 1, 1, 0, 0, 0, 0, 0, 1, 1, 3, 0, 1, 0, PRODUCTION, 5, 0, 46, -3, 0, -3218, 106, 108, 49, 1, 1, 0, 1, 0, 0, 1, 0, 30, 1, 0, 0, 0, 1, 0, 0, 6, 3, 0
213, Sweden, MILITARY, 1, 0, 1, 1, 1, 0, 0, 0, 0, 0, 1, 1, 3, 0, 1, 0, PRODUCTION, 5, 0, 46, -3, 0, -3618, 102, 126, 60, 1, 1, 0, 1, 0, 0, 1, 0, 31, 1, 0, 0, 0, 1, 0, 0, 6, 3, 0
214, Sweden, MILITARY, 1, 0, 1, 1, 1, 0, 0, 0, 0, 0, 1, 1, 3, 0, 1, 0, PRODUCTION, 5, 0, 46, -3, 0, -3318, 105, 126, 60, 1, 1, 0, 1, 0, 0, 1, 0, 32, 1, 0, 0, 0, 1, 0, 0, 6, 2, 0
215, Sweden, MILITARY, 1, 0, 1, 1, 1, 0, 0, 0, 0, 0, 1, 1, 3, 0, 1, 0, PRODUCTION, 5, 0, 46, -3, 0, -3718, 101, 123, 59, 1, 1, 0, 1, 0, 0, 1, 0, 33, 1, 0, 0, 0, 1, 0, 0, 6, 2, 0
216, Sweden, MILITARY, 1, 0, 1, 1, 1, 0, 0, 0, 0, 0, 1, 1, 3, 0, 1, 0, PRODUCTION, 5, 0, 46, -3, 0, -4218, 96, 127, 60, 1, 1, 0, 1, 0, 0, 1, 0, 34, 1, 0, 0, 0, 1, 0, 0, 6, 2, 0
217, Sweden, MILITARY, 1, 0, 1, 1, 1, 0, 0, 0, 0, 0, 1, 1, 3, 0, 1, 0, PRODUCTION, 5, 0, 46, -3, 12, -5440, 96, 125, 59, 1, 1, 0, 1, 0, 0, 1, 0, 35, 1, 0, 0, 0, 1, 0, 0, 6, 2, 0
218, Sweden, MILITARY, 1, 0, 1, 1, 1, 0, 0, 0, 0, 0, 1, 1, 3, 0, 1, 0, PRODUCTION, 5, 0, 46, -3, 0, -5540, 83, 108, 45, 1, 1, 0, 1, 0, 0, 1, 0, 36, 1, 0, 0, 0, 1, 0, 0, 6, 2, 0
219, Sweden, MILITARY, 1, 0, 1, 1, 1, 0, 0, 0, 0, 0, 1, 1, 3, 0, 1, 0, PRODUCTION, 5, 0, 46, -3, 0, -6440, 74, 124, 54, 1, 1, 0, 1, 0, 0, 1, 0, 37, 1, 0, 0, 0, 1, 0, 0, 6, 3, 0
220, Sweden, MILITARY, 1, 0, 1, 1, 1, 0, 0, 0, 0, 0, 1, 1, 3, 0, 1, 0, PRODUCTION, 5, 0, 46, 1, 20, -5250, 120, 119, 53, 1, 1, 0, 1, 0, 0, 1, 0, 38, 1, 0, 0, 0, 1, 0, 0, 6, 2, 0
221, Sweden, MILITARY, 1, 0, 1, 1, 1, 0, 0, 0, 0, 0, 1, 1, 3, 0, 1, 0, PRODUCTION, 5, 0, 46, 1, 0, -5750, 95, 113, 48, 1, 1, 0, 1, 0, 0, 1, 0, 39, 1, 0, 0, 0, 1, 0, 0, 6, 3, 0
222, Sweden, MILITARY, 1, 0, 1, 1, 1, 0, 0, 0, 0, 0, 1, 1, 3, 0, 1, 0, PRODUCTION, 5, 0, 46, 1, 0, -5750, 95, 118, 50, 1, 1, 0, 1, 0, 0, 1, 0, 40, 1, 0, 0, 0, 1, 0, 0, 6, 3, 0
223, Sweden, MILITARY, 0, 0, 1, 1, 1, 0, 0, 0, 0, 0, 1, 1, 3, 0, 0, 0, PROD_GROWTH, 5, 0, 46, 5, 0, -6250, 90, 122, 53, 2, 1, 0, 1, 0, 0, 1, 0, 41, 1, 0, 0, 0, 1, 0, 0, 6, 3, 0
224, Sweden, MILITARY, 0, 0, 1, 1, 1, 0, 0, 0, 0, 0, 1, 1, 3, 0, 0, 0, PROD_GROWTH, 5, 0, 46, 5, 20, -4500, 135, 120, 50, 2, 1, 0, 1, 0, 0, 1, 0, 42, 1, 0, 0, 0, 1, 0, 0, 6, 3, 0
225, Sweden, MILITARY, 1, 0, 1, 1, 1, 0, 0, 0, 0, 0, 1, 1, 3, 0, 1, 0, PRODUCTION, 5, 0, 47, 1, 20, -4600, 151, 119, 47, 2, 1, 0, 1, 0, 0, 1, 0, 43, 1, 0, 0, 0, 1, 0, 0, 6, 3, 0
226, Sweden, MILITARY, 1, 0, 1, 1, 1, 0, 0, 0, 0, 0, 1, 1, 3, 0, 1, 0, PRODUCTION, 5, 0, 47, 1, 0, -8850, 65, 135, 56, 2, 1, 0, 1, 0, 0, 1, 0, 44, 1, 0, 0, 0, 1, 0, 0, 6, 3, 0
227, Sweden, MILITARY, 1, 0, 1, 1, 1, 0, 0, 0, 0, 0, 1, 1, 3, 0, 1, 0, PRODUCTION, 5, 0, 47, 1, 24, -6550, 112, 132, 54, 2, 1, 0, 1, 0, 0, 1, 0, 45, 1, 0, 0, 0, 1, 0, 0, 6, 2, 0
228, Sweden, MILITARY, 1, 0, 1, 1, 1, 0, 0, 0, 0, 0, 1, 1, 3, 0, 1, 0, PRODUCTION, 5, 0, 47, 1, 0, -7550, 78, 124, 49, 2, 1, 0, 1, 0, 0, 1, 0, 46, 1, 0, 0, 0, 1, 0, 1, 6, 2, 4801
229, Sweden, MILITARY, 1, 0, 1, 1, 1, 0, 0, 0, 0, 0, 1, 1, 3, 0, 1, 0, PRODUCTION, 5, 0, 47, 1, 0, -8550, 68, 132, 53, 2, 1, 0, 1, 0, 0, 1, 0, 47, 1, 0, 0, 0, 1, 0, 0, 6, 3, 0
230, Sweden, MILITARY, 1, 0, 1, 1, 1, 0, 0, 0, 0, 0, 1, 1, 3, 0, 1, 0, PRODUCTION, 5, 0, 47, 1, 0, -7650, 77, 127, 52, 2, 1, 0, 1, 0, 0, 1, 0, 48, 1, 0, 0, 0, 1, 0, 0, 6, 3, 0
231, Sweden, MILITARY, 1, 0, 1, 1, 1, 0, 0, 0, 0, 0, 1, 1, 3, 0, 1, 0, PRODUCTION, 5, 0, 47, 1, 0, -8250, 71, 125, 50, 2, 1, 0, 1, 0, 0, 1, 0, 49, 1, 0, 0, 0, 1, 0, 0, 6, 3, 0
232, Sweden, MILITARY, 1, 0, 1, 1, 1, 0, 0, 0, 0, 0, 1, 1, 3, 0, 1, 0, PRODUCTION, 5, 0, 47, 1, 37, -8350, 107, 135, 55, 2, 1, 0, 1, 0, 0, 1, 0, 50, 1, 0, 0, 0, 1, 0, 0, 3, 3, 0
233, Sweden, MILITARY, 1, 0, 1, 1, 1, 0, 0, 0, 0, 0, 1, 1, 3, 0, 1, 0, PRODUCTION, 5, 0, 47, -1, 0, -9120, 48, 128, 50, 2, 1, 0, 1, 0, 0, 1, 0, 51, 1, 0, 0, 0, 1, 0, 0, 3, 2, 0
234, Sweden, MILITARY, 1, 0, 1, 1, 1, 0, 0, 0, 0, 0, 1, 1, 3, 0, 1, 0, PRODUCTION, 5, 0, 48, 1, 37, -8250, 112, 125, 48, 2, 1, 0, 1, 0, 0, 1, 0, 52, 1, 0, 0, 0, 1, 0, 0, 3, 3, 0
235, Sweden, MILITARY, 1, 0, 1, 1, 1, 0, 0, 0, 0, 0, 1, 1, 3, 0, 1, 0, PRODUCTION, 5, 0, 49, 0, 0, -7300, 85, 118, 44, 2, 0, 0, 1, 0, 0, 1, 0, 53, 1, 0, 0, 0, 1, 0, 0, 3, 3, 0
236, Sweden, MILITARY, 1, 0, 1, 1, 1, 0, 0, 0, 0, 0, 1, 1, 3, 0, 1, 0, PRODUCTION, 5, 0, 49, 0, 37, -7750, 118, 119, 45, 2, 0, 0, 1, 0, 0, 1, 0, 54, 1, 0, 0, 0, 1, 0, 0, 3, 3, 0
237, Sweden, MILITARY, 1, 0, 1, 1, 1, 0, 0, 0, 0, 0, 1, 1, 3, 0, 1, 0, PRODUCTION, 5, 0, 49, 0, 0, -7750, 81, 117, 43, 2, 0, 0, 1, 0, 0, 1, 0, 55, 1, 0, 0, 0, 1, 0, 0, 3, 3, 0
238, Sweden, MILITARY, 1, 0, 1, 1, 1, 0, 0, 0, 0, 0, 1, 1, 3, 0, 1, 0, PRODUCTION, 5, 0, 49, 0, 0, -8800, 70, 114, 41, 2, 0, 0, 1, 0, 0, 1, 0, 56, 1, 0, 0, 0, 1, 0, 0, 3, 3, 0
239, Sweden, MILITARY, 1, 0, 1, 1, 1, 0, 0, 0, 0, 0, 1, 1, 3, 0, 1, 0, PRODUCTION, 5, 0, 50, -1, 0, -8632, 59, 122, 44, 2, 0, 0, 1, 0, 0, 1, 0, 57, 1, 0, 0, 0, 1, 0, 0, 3, 4, 0
240, Sweden, MILITARY, 1, 0, 1, 1, 1, 0, 0, 0, 0, 0, 1, 1, 3, 0, 1, 0, PRODUCTION, 5, 0, 50, -1, 0, -8788, 57, 131, 46, 2, 0, 0, 1, 0, 0, 1, 0, 58, 1, 0, 0, 0, 1, 0, 1, 3, 3, 19605
241, Sweden, MILITARY, 1, 0, 1, 1, 1, 0, 0, 0, 0, 0, 1, 1, 3, 0, 1, 0, PRODUCTION, 5, 0, 51, -2, 0, -10476, 45, 130, 46, 2, 0, 0, 1, 0, 0, 1, 0, 59, 1, 0, 0, 0, 1, 0, 0, 3, 3, 0
242, Sweden, MILITARY, 1, 0, 1, 1, 1, 0, 0, 0, 0, 0, 0, 1, 2, 1, 1, 0, PRODUCTION, 5, 0, 51, -2, 0, -8880, 59, 135, 100, 0, 0, 0, 0, 0, 0, 1, 0, 60, 1, 0, 0, 0, 1, 0, 1, 3, 3, 15355
243, Sweden, TREASURY_RECOVERY, 1, 0, 1, 1, 1, 0, 0, 0, 0, 0, 0, 0, 1, 1, 1, 0, PRODUCTION, 5, 0, 51, 0, 37, -9900, 100, 137, 100, 0, 0, 0, 0, 0, 0, 1, 0, 61, 1, 0, 0, 0, 1, 0, 0, 3, 4, 124
244, Sweden, TREASURY_RECOVERY, 1, 0, 1, 1, 1, 0, 0, 0, 0, 0, 0, 0, 1, 1, 1, 0, PRODUCTION, 5, 0, 51, 0, 37, -7500, 124, 132, 100, 0, 0, 0, 0, 0, 0, 1, 0, 62, 1, 0, 0, 0, 1, 0, 0, 3, 4, 124
245, Sweden, TREASURY_RECOVERY, 1, 0, 1, 1, 1, 0, 0, 0, 0, 0, 0, 0, 1, 1, 1, 0, PRODUCTION, 5, 0, 52, 0, 0, -10200, 61, 126, 100, 0, 0, 0, 0, 0, 0, 1, 0, 63, 1, 0, 0, 0, 1, 0, 0, 3, 4, 134
246, Sweden, TREASURY_RECOVERY, 1, 0, 1, 1, 1, 0, 0, 0, 0, 1, 0, 0, 1, 1, 1, 0, PRODUCTION, 5, 0, 52, 0, 0, -7600, 87, 122, 100, 0, 0, 0, 0, 0, 0, 1, 1, 64, 1, 0, 0, 0, 1, 0, 0, 3, 4, 114
247, Sweden, TREASURY_RECOVERY, 1, 0, 1, 1, 1, 0, 0, 0, 0, 1, 0, 0, 1, 1, 1, 0, PRODUCTION, 5, 0, 52, 0, 0, -10300, 60, 122, 100, 0, 0, 0, 0, 0, 0, 1, 1, 65, 1, 0, 0, 0, 1, 0, 0, 3, 4, 114
248, Sweden, TREASURY_RECOVERY, 1, 0, 1, 1, 1, 0, 0, 0, 0, 1, 0, 0, 1, 1, 1, 0, PRODUCTION, 5, 0, 52, 0, 0, -7700, 86, 120, 100, 0, 0, 0, 0, 0, 0, 1, 1, 66, 1, 0, 0, 0, 1, 0, 0, 3, 4, 134
249, Sweden, TREASURY_RECOVERY, 1, 0, 1, 1, 1, 0, 0, 0, 0, 1, 0, 0, 1, 1, 1, 0, PRODUCTION, 5, 0, 52, 0, 37, -9900, 101, 112, 100, 0, 0, 0, 0, 0, 0, 1, 1, 67, 1, 0, 0, 0, 1, 0, 1, 3, 4, 514
250, Sweden, TREASURY_RECOVERY, 1, 0, 1, 1, 1, 0, 0, 0, 0, 1, 0, 0, 1, 1, 1, 0, PRODUCTION, 5, 0, 52, 0, 37, -7400, 126, 105, 100, 0, 0, 0, 0, 0, 0, 1, 1, 68, 1, 0, 0, 0, 1, 0, 1, 3, 4, 622
251, Sweden, TREASURY_RECOVERY, 1, 0, 1, 1, 1, 0, 0, 0, 0, 1, 0, 0, 1, 1, 1, 0, PRODUCTION, 5, 0, 52, 0, 0, -7650, 87, 93, 100, 0, 0, 0, 0, 0, 0, 1, 1, 69, 1, 0, 0, 0, 1, 0, 1, 3, 4, 1112
252, Sweden, HAPPINESS_RECOVERY, 1, 0, 1, 1, 1, 0, 0, 0, 0, 1, 0, 0, 1, 1, 1, 1, PRODUCTION, 5, 0, 52, -4, 0, -6474, 84, 90, 100, 0, 0, 0, 0, 0, 0, 1, 1, 70, 1, 0, 0, 0, 1, 0, 0, 3, 4, 140
253, Sweden, HAPPINESS_RECOVERY, 1, 0, 1, 1, 1, 0, 0, 0, 0, 1, 0, 0, 1, 1, 1, 1, PRODUCTION, 5, 0, 52, -4, 37, -5948, 129, 95, 100, 0, 0, 0, 0, 0, 0, 1, 1, 71, 1, 0, 0, 0, 1, 0, 0, 3, 4, 0
254, Sweden, HAPPINESS_RECOVERY, 1, 0, 1, 1, 1, 0, 0, 0, 0, 1, 0, 0, 1, 1, 1, 1, PRODUCTION, 5, 0, 52, -4, 37, -4040, 148, 91, 100, 0, 0, 0, 0, 0, 0, 1, 1, 72, 1, 0, 0, 0, 1, 0, 1, 3, 4, 670
255, Sweden, HAPPINESS_RECOVERY, 1, 0, 1, 1, 1, 0, 0, 0, 0, 1, 0, 0, 1, 1, 1, 1, PRODUCTION, 5, 0, 52, -4, 100, -5227, 152, 95, 100, 0, 0, 0, 0, 0, 0, 1, 1, 73, 1, 0, 0, 0, 1, 0, 0, 3, 4, 154
256, Sweden, HAPPINESS_RECOVERY, 1, 0, 1, 1, 1, 0, 0, 0, 0, 1, 0, 0, 1, 1, 1, 1, PRODUCTION, 5, 0, 52, -4, 47, -2465, 152, 90, 100, 0, 0, 0, 0, 0, 0, 1, 1, 74, 1, 0, 0, 0, 1, 0, 0, 3, 4, 154
257, Sweden, HAPPINESS_RECOVERY, 1, 0, 1, 1, 1, 0, 0, 0, 0, 1, 0, 0, 1, 1, 1, 1, PRODUCTION, 5, 0, 52, -4, 23, -3665, 138, 93, 100, 0, 0, 0, 0, 0, 0, 1, 1, 75, 1, 0, 0, 0, 1, 0, 0, 3, 4, 174
258, Sweden, HAPPINESS_RECOVERY, 1, 0, 1, 1, 1, 0, 0, 0, 0, 1, 0, 0, 1, 1, 1, 1, PRODUCTION, 5, 0, 52, -4, 0, -2595, 126, 91, 100, 0, 0, 0, 0, 0, 0, 1, 1, 76, 1, 0, 0, 0, 1, 0, 1, 3, 4, 686
259, Sweden, HAPPINESS_RECOVERY, 1, 0, 1, 1, 1, 0, 0, 0, 0, 1, 0, 0, 1, 1, 1, 1, PRODUCTION, 5, 0, 52, -4, 37, -3623, 152, 87, 100, 0, 0, 0, 0, 0, 0, 1, 1, 77, 1, 0, 0, 0, 1, 0, 1, 3, 4, 1420
260, Sweden, HAPPINESS_RECOVERY, 1, 0, 1, 1, 1, 0, 0, 0, 0, 1, 0, 0, 1, 1, 1, 1, PRODUCTION, 5, 0, 52, -4, 4, -3701, 119, 86, 100, 0, 0, 0, 0, 0, 0, 1, 1, 78, 1, 0, 0, 0, 1, 0, 1, 3, 4, 860
261, Sweden, HAPPINESS_RECOVERY, 1, 0, 1, 1, 1, 0, 0, 0, 0, 1, 0, 0, 1, 1, 1, 1, PRODUCTION, 5, 0, 52, -4, 37, -2323, 152, 86, 100, 0, 0, 0, 0, 0, 0, 1, 1, 79, 1, 0, 0, 0, 1, 0, 1, 3, 4, 2008
262, Sweden, HAPPINESS_RECOVERY, 1, 0, 1, 1, 1, 0, 0, 0, 0, 1, 0, 0, 1, 1, 1, 1, PRODUCTION, 5, 0, 52, -4, 12, -3623, 128, 82, 100, 0, 0, 0, 0, 0, 0, 1, 1, 80, 1, 0, 0, 0, 1, 0, 0, 3, 4, 154
263, Sweden, MILITARY, 1, 0, 1, 1, 1, 0, 0, 0, 0, 1, 1, 1, 3, 0, 1, 0, PRODUCTION, 5, 0, 52, -4, 37, -5531, 130, 82, 23, 2, 0, 1, 1, 0, 0, 1, 1, 81, 1, 0, 0, 0, 1, 0, 1, 6, 4, 105655
264, Sweden, MILITARY, 1, 0, 1, 1, 1, 0, 0, 0, 0, 1, 1, 1, 3, 0, 1, 0, PRODUCTION, 5, 0, 52, -4, 0, -2829, 120, 76, 21, 2, 0, 0, 1, 0, 0, 1, 1, 82, 1, 0, 0, 0, 1, 0, 1, 6, 4, 240927
265, Sweden, MILITARY, 1, 0, 1, 1, 1, 0, 0, 0, 0, 1, 1, 1, 3, 0, 1, 0, PRODUCTION, 5, 0, 52, -4, 0, -2929, 119, 72, 21, 2, 0, 0, 1, 0, 0, 1, 1, 83, 1, 0, 0, 0, 1, 0, 1, 6, 4, 132968
266, Sweden, MILITARY, 1, 0, 1, 1, 1, 0, 0, 0, 0, 1, 1, 1, 3, 0, 1, 0, PRODUCTION, 5, 0, 52, -4, 0, -3529, 113, 73, 21, 2, 0, 0, 1, 0, 0, 1, 1, 84, 1, 0, 0, 0, 1, 0, 1, 6, 4, 123736
267, Sweden, MILITARY, 1, 0, 1, 1, 1, 0, 0, 0, 0, 1, 1, 1, 3, 0, 1, 0, PRODUCTION, 5, 0, 52, -4, 22, -3029, 140, 74, 22, 2, 0, 0, 1, 0, 0, 1, 1, 85, 1, 0, 0, 0, 1, 0, 1, 6, 4, 217145
268, Sweden, MILITARY, 1, 0, 1, 1, 1, 0, 0, 0, 0, 1, 1, 1, 3, 0, 1, 0, PRODUCTION, 5, 0, 52, -4, 100, -2709, 149, 75, 23, 2, 0, 0, 1, 0, 0, 1, 1, 86, 1, 0, 0, 0, 1, 0, 1, 3, 4, 231288
269, Sweden, MILITARY, 1, 0, 1, 1, 1, 0, 0, 0, 0, 1, 1, 1, 3, 0, 1, 0, PRODUCTION, 5, 0, 53, -5, 75, -1235, 150, 79, 25, 2, 0, 0, 1, 0, 0, 1, 1, 87, 1, 0, 0, 0, 1, 0, 1, 3, 4, 336157
270, Sweden, MILITARY, 1, 0, 1, 1, 1, 0, 0, 0, 0, 1, 1, 1, 3, 0, 1, 0, PRODUCTION, 5, 0, 54, -6, 63, -2347, 151, 79, 26, 2, 0, 0, 1, 0, 0, 1, 1, 88, 1, 0, 0, 0, 1, 0, 1, 3, 4, 227637
271, Sweden, MILITARY, 1, 0, 1, 1, 1, 0, 0, 0, 0, 1, 1, 1, 3, 0, 1, 0, PRODUCTION, 5, 0, 54, -6, 34, -2447, 151, 77, 25, 2, 0, 0, 1, 0, 0, 1, 1, 89, 1, 0, 0, 0, 1, 0, 1, 3, 4, 241678
272, Sweden, MILITARY, 1, 0, 1, 1, 1, 0, 0, 0, 0, 1, 1, 1, 3, 0, 1, 0, PRODUCTION, 5, 0, 54, -6, 0, -4947, 101, 84, 29, 2, 0, 0, 1, 0, 0, 1, 1, 90, 1, 0, 0, 0, 1, 0, 1, 3, 4, 236081
273, Sweden, MILITARY, 1, 0, 1, 1, 1, 0, 0, 0, 0, 1, 1, 1, 3, 0, 1, 0, PRODUCTION, 5, 0, 54, -6, 0, -3195, 119, 79, 28, 3, 0, 0, 1, 0, 0, 1, 1, 91, 1, 0, 0, 0, 1, 0, 1, 3, 4, 223333
274, Sweden, MILITARY, 1, 0, 1, 1, 1, 0, 0, 0, 0, 1, 1, 1, 3, 0, 1, 0, PRODUCTION, 5, 0, 53, -5, 19, -6075, 108, 80, 29, 3, 0, 0, 1, 0, 0, 1, 1, 92, 1, 0, 0, 0, 1, 0, 1, 3, 4, 223333
275, Sweden, MILITARY, 1, 0, 1, 1, 1, 0, 0, 0, 0, 1, 1, 1, 3, 0, 1, 0, PRODUCTION, 5, 0, 53, -5, 0, -4437, 110, 77, 28, 3, 0, 0, 1, 0, 0, 1, 1, 93, 1, 0, 0, 0, 1, 0, 1, 3, 4, 331993
276, Sweden, MILITARY, 1, 0, 1, 1, 1, 0, 0, 0, 0, 1, 1, 1, 3, 0, 1, 0, PRODUCTION, 5, 0, 53, -3, 37, -3685, 155, 77, 28, 3, 0, 0, 1, 0, 0, 1, 1, 94, 1, 0, 0, 0, 1, 0, 1, 3, 4, 358854
277, Sweden, MILITARY, 1, 0, 1, 1, 1, 0, 0, 0, 0, 1, 1, 1, 3, 0, 1, 0, PRODUCTION, 5, 0, 53, -1, 37, -4231, 149, 76, 27, 4, 0, 0, 1, 0, 0, 1, 1, 95, 1, 0, 0, 0, 1, 0, 1, 3, 4, 170628
278, Sweden, MILITARY, 1, 0, 1, 1, 1, 0, 0, 0, 0, 1, 1, 1, 3, 0, 1, 0, PRODUCTION, 5, 0, 53, -1, 37, -4306, 149, 73, 25, 5, 0, 0, 1, 0, 0, 1, 1, 96, 1, 0, 0, 0, 1, 0, 1, 3, 4, 160723
279, Sweden, MILITARY, 1, 0, 1, 1, 1, 0, 0, 0, 0, 1, 1, 1, 3, 0, 1, 0, PRODUCTION, 5, 0, 53, -1, 37, -3831, 153, 66, 21, 5, 0, 0, 1, 0, 0, 2, 1, 97, 1, 0, 0, 0, 1, 0, 1, 3, 4, 160723
280, Sweden, MILITARY, 1, 0, 1, 1, 1, 0, 0, 0, 0, 1, 1, 1, 3, 0, 1, 0, PRODUCTION, 5, 0, 54, -6, 0, -4773, 110, 60, 18, 5, 0, 0, 1, 0, 0, 2, 1, 98, 1, 0, 0, 0, 1, 0, 1, 3, 4, 117918
281, Sweden, MILITARY, 1, 0, 1, 1, 1, 0, 0, 0, 0, 1, 1, 1, 3, 0, 1, 0, PRODUCTION, 5, 0, 54, -6, 37, -4873, 146, 66, 20, 5, 0, 0, 1, 0, 0, 2, 1, 99, 1, 0, 0, 0, 1, 0, 1, 3, 4, 223634
